key,name,Handedness,height,weight,Mean Batting Average,Mean Home Runs,Height_Class,Weight_Class,Physical Attributes,Count
1,Tom Brown,Right Handed,73,170,0,0,Taller,Thinner,Taller & Thinner,100
2,Denny Lemaster,Right Handed,73,182,0.13,4,Taller,Thinner,Taller & Thinner,100
3,Joe Nolan,Left Handed,71,175,0.263,27,Shorter,Thinner,Shorter & Thinner,107
4,Denny Doyle,Left Handed,69,175,0.25,16,Shorter,Thinner,Shorter & Thinner,107
5,Jose Cardenal,Right Handed,70,150,0.275,138,Shorter,Thinner,Shorter & Thinner,229
6,Mike Ryan,Right Handed,74,205,0.193,28,Taller,Heavier,Taller & Heavier,307
7,Fritz Peterson,Both L & R,72,185,0.159,2,Shorter,Heavier,Shorter & Heavier,10
8,Dick Bertell,Right Handed,72,200,0.25,10,Shorter,Heavier,Shorter & Heavier,101
9,Rod Kanehl,Right Handed,73,180,0.241,6,Taller,Thinner,Taller & Thinner,100
10,Ozzie Osborn,Right Handed,74,195,0,0,Taller,Heavier,Taller & Heavier,307
11,John LaRose,Left Handed,73,185,0,0,Taller,Heavier,Taller & Heavier,119
12,Jeff Byrd,Right Handed,75,195,0,0,Taller,Heavier,Taller & Heavier,307
13,Juan Bonilla,Right Handed,69,170,0.256,7,Shorter,Thinner,Shorter & Thinner,229
14,Frank Tepedino,Left Handed,71,185,0.241,6,Shorter,Heavier,Shorter & Heavier,47
15,Jerry Kutzler,Left Handed,73,175,0,0,Taller,Thinner,Taller & Thinner,43
16,Rick Wise,Right Handed,73,180,0.195,15,Taller,Thinner,Taller & Thinner,100
17,Darrell Evans,Left Handed,74,200,0.248,414,Taller,Heavier,Taller & Heavier,119
18,Buck Martinez,Right Handed,70,190,0.225,58,Shorter,Heavier,Shorter & Heavier,101
19,John Wockenfuss,Right Handed,72,190,0.262,86,Shorter,Heavier,Shorter & Heavier,101
20,Tommy McCraw,Left Handed,72,183,0.246,75,Shorter,Thinner,Shorter & Thinner,107
21,Jeff Barkley,Both L & R,75,185,0,0,Taller,Heavier,Taller & Heavier,27
22,Eric Wilkins,Right Handed,73,190,0,0,Taller,Heavier,Taller & Heavier,307
23,Britt Burns,Left Handed,77,215,0,0,Taller,Heavier,Taller & Heavier,119
24,Lee Lacy,Right Handed,73,175,0.286,91,Taller,Thinner,Taller & Thinner,100
25,Pete Rose,Both L & R,71,192,0.303,160,Shorter,Heavier,Shorter & Heavier,10
26,Danny Walton,Right Handed,72,195,0.223,28,Shorter,Heavier,Shorter & Heavier,101
27,Bobby Cox,Right Handed,71,180,0.225,9,Shorter,Thinner,Shorter & Thinner,229
28,Brad Wellman,Right Handed,72,170,0.231,6,Shorter,Thinner,Shorter & Thinner,229
29,Jeff Newman,Right Handed,74,215,0.224,63,Taller,Heavier,Taller & Heavier,307
30,Pedro Gonzalez,Right Handed,72,176,0.244,8,Shorter,Thinner,Shorter & Thinner,229
31,Nardi Contreras,Both L & R,74,193,0,0,Taller,Heavier,Taller & Heavier,27
32,Tommie Reynolds,Right Handed,74,190,0.226,12,Taller,Heavier,Taller & Heavier,307
33,Gene Clines,Right Handed,69,170,0.277,5,Shorter,Thinner,Shorter & Thinner,229
34,Jim Hickman,Right Handed,75,192,0.252,159,Taller,Heavier,Taller & Heavier,307
35,Jack Billingham,Right Handed,76,195,0.111,0,Taller,Heavier,Taller & Heavier,307
36,Jerry Buchek,Right Handed,71,185,0.22,22,Shorter,Heavier,Shorter & Heavier,101
37,Ivan DeJesus,Right Handed,71,175,0.254,21,Shorter,Thinner,Shorter & Thinner,229
38,Gary Nolan,Right Handed,74,197,0.138,1,Taller,Heavier,Taller & Heavier,307
39,Gil Patterson,Right Handed,73,185,0,0,Taller,Heavier,Taller & Heavier,307
40,Fred Whitfield,Left Handed,73,190,0.253,108,Taller,Heavier,Taller & Heavier,119
41,Larry Dierker,Right Handed,76,215,0.136,4,Taller,Heavier,Taller & Heavier,307
42,Dave Skaggs,Right Handed,74,200,0.241,3,Taller,Heavier,Taller & Heavier,307
43,Dick Ruthven,Right Handed,75,190,0.183,1,Taller,Heavier,Taller & Heavier,307
44,Jerry Garvin,Left Handed,75,195,0,0,Taller,Heavier,Taller & Heavier,119
45,Steve Eddy,Right Handed,74,185,0,0,Taller,Heavier,Taller & Heavier,307
46,Dave Kingman,Right Handed,78,210,0.236,442,Taller,Heavier,Taller & Heavier,307
47,Eric Soderholm,Right Handed,71,187,0.264,102,Shorter,Heavier,Shorter & Heavier,101
48,Kevin Mmahat,Left Handed,77,220,0,0,Taller,Heavier,Taller & Heavier,119
49,Ed Brinkman,Right Handed,72,170,0.224,60,Shorter,Thinner,Shorter & Thinner,229
50,Wayne Garrett,Left Handed,71,175,0.239,61,Shorter,Thinner,Shorter & Thinner,107
51,Tony Muser,Left Handed,74,180,0.259,7,Taller,Thinner,Taller & Thinner,43
52,Jim Siwy,Right Handed,76,200,0,0,Taller,Heavier,Taller & Heavier,307
53,Bud Anderson,Right Handed,75,210,0,0,Taller,Heavier,Taller & Heavier,307
54,Ted Ford,Right Handed,70,180,0.219,17,Shorter,Thinner,Shorter & Thinner,229
55,Kevin Stanfield,Left Handed,72,190,0,0,Shorter,Heavier,Shorter & Heavier,47
56,Jim Lyttle,Left Handed,72,180,0.248,9,Shorter,Thinner,Shorter & Thinner,107
57,John Butcher,Right Handed,76,185,0,0,Taller,Heavier,Taller & Heavier,307
58,Jerry Ujdur,Right Handed,73,195,0,0,Taller,Heavier,Taller & Heavier,307
59,Scot Thompson,Left Handed,75,195,0.262,5,Taller,Heavier,Taller & Heavier,119
60,Gene Locklear,Left Handed,70,165,0.274,9,Shorter,Thinner,Shorter & Thinner,107
61,Bo Diaz,Right Handed,71,185,0.255,87,Shorter,Heavier,Shorter & Heavier,101
62,Bump Wills,Both L & R,69,172,0.266,36,Shorter,Thinner,Shorter & Thinner,54
63,Brian Denman,Right Handed,76,205,0,0,Taller,Heavier,Taller & Heavier,307
64,Pat Putnam,Left Handed,72,205,0.255,63,Shorter,Heavier,Shorter & Heavier,47
65,Kurt Bevacqua,Right Handed,72,180,0.236,27,Shorter,Thinner,Shorter & Thinner,229
66,Bob Fallon,Left Handed,75,200,0,0,Taller,Heavier,Taller & Heavier,119
67,Syd O'Brien,Right Handed,73,185,0.23,24,Taller,Heavier,Taller & Heavier,307
68,Chris Chambliss,Left Handed,73,195,0.279,185,Taller,Heavier,Taller & Heavier,119
69,Tom Satriano,Left Handed,73,185,0.225,21,Taller,Heavier,Taller & Heavier,119
70,Jeffrey Leonard,Right Handed,74,200,0.266,144,Taller,Heavier,Taller & Heavier,307
71,Dal Maxvill,Right Handed,71,157,0.217,6,Shorter,Thinner,Shorter & Thinner,229
72,Steve Curry,Right Handed,78,217,0,0,Taller,Heavier,Taller & Heavier,307
73,Cesar Tovar,Right Handed,69,155,0.278,46,Shorter,Thinner,Shorter & Thinner,229
74,Mickey Lolich,Both L & R,73,170,0.11,0,Taller,Thinner,Taller & Thinner,13
75,Ray Chadwick,Both L & R,74,180,0,0,Taller,Thinner,Taller & Thinner,13
76,Jack Heidemann,Right Handed,72,175,0.211,9,Shorter,Thinner,Shorter & Thinner,229
77,Rich Rollins,Right Handed,70,185,0.269,77,Shorter,Heavier,Shorter & Heavier,101
78,Walt Bond,Left Handed,79,228,0.256,41,Taller,Heavier,Taller & Heavier,119
79,Merv Rettenmund,Right Handed,70,190,0.271,66,Shorter,Heavier,Shorter & Heavier,101
80,Bryan Clutterbuck,Right Handed,76,223,0,0,Taller,Heavier,Taller & Heavier,307
81,Byron Browne,Right Handed,74,190,0.236,30,Taller,Heavier,Taller & Heavier,307
82,Hector Torres,Right Handed,72,175,0.216,18,Shorter,Thinner,Shorter & Thinner,229
83,Walt Williams,Right Handed,66,165,0.27,33,Shorter,Thinner,Shorter & Thinner,229
84,Jerry Koosman,Right Handed,74,205,0.119,2,Taller,Heavier,Taller & Heavier,307
85,Steve Lombardozzi,Right Handed,72,175,0.233,20,Shorter,Thinner,Shorter & Thinner,229
86,Joe Azcue,Right Handed,72,190,0.252,50,Shorter,Heavier,Shorter & Heavier,101
87,Elliott Maddox,Right Handed,71,180,0.261,18,Shorter,Thinner,Shorter & Thinner,229
88,Omar Moreno,Left Handed,74,180,0.252,37,Taller,Thinner,Taller & Thinner,43
89,Julian Javier,Right Handed,73,175,0.257,78,Taller,Thinner,Taller & Thinner,100
90,Tony Ferreira,Left Handed,73,160,0,0,Taller,Thinner,Taller & Thinner,43
91,Elio Chacon,Right Handed,69,160,0.232,4,Shorter,Thinner,Shorter & Thinner,229
92,Rusty Torres,Both L & R,70,175,0.212,35,Shorter,Thinner,Shorter & Thinner,54
93,John Stearns,Right Handed,72,185,0.26,46,Shorter,Heavier,Shorter & Heavier,101
94,Larry Brown,Right Handed,70,160,0.233,47,Shorter,Thinner,Shorter & Thinner,229
95,Tommy Dean,Right Handed,72,165,0.18,4,Shorter,Thinner,Shorter & Thinner,229
96,Bryan Oelkers,Left Handed,75,192,0,0,Taller,Heavier,Taller & Heavier,119
97,Kevin Bearse,Left Handed,74,195,0,0,Taller,Heavier,Taller & Heavier,119
98,Marty Martinez,Both L & R,72,170,0.243,0,Shorter,Thinner,Shorter & Thinner,54
99,Bruce Boisclair,Left Handed,74,185,0.263,10,Taller,Heavier,Taller & Heavier,119
100,Ken Singleton,Both L & R,76,210,0.282,246,Taller,Heavier,Taller & Heavier,27
101,Frank White,Right Handed,71,165,0.255,160,Shorter,Thinner,Shorter & Thinner,229
102,Jim Fairey,Left Handed,70,190,0.235,7,Shorter,Heavier,Shorter & Heavier,47
103,Jose Roman,Right Handed,72,175,0,0,Shorter,Thinner,Shorter & Thinner,229
104,Tom Brookens,Right Handed,70,165,0.246,71,Shorter,Thinner,Shorter & Thinner,229
105,Gary Thomasson,Left Handed,73,180,0.249,61,Taller,Thinner,Taller & Thinner,43
106,Mike Trujillo,Right Handed,73,180,0,0,Taller,Thinner,Taller & Thinner,100
107,Albert Williams,Right Handed,76,190,0,0,Taller,Heavier,Taller & Heavier,307
108,Oswaldo Peraza,Right Handed,76,172,0,0,Taller,Thinner,Taller & Thinner,100
109,Otto Velez,Right Handed,72,170,0.251,78,Shorter,Thinner,Shorter & Thinner,229
110,Tony Scott,Both L & R,72,164,0.249,17,Shorter,Thinner,Shorter & Thinner,54
111,Ray Oyler,Right Handed,71,165,0.175,15,Shorter,Thinner,Shorter & Thinner,229
112,Barry Cort,Right Handed,77,210,0,0,Taller,Heavier,Taller & Heavier,307
113,Floyd Robinson,Left Handed,69,175,0.283,67,Shorter,Thinner,Shorter & Thinner,107
114,Steve Jeltz,Both L & R,71,180,0.21,5,Shorter,Thinner,Shorter & Thinner,54
115,Lou Brock,Left Handed,71,170,0.293,149,Shorter,Thinner,Shorter & Thinner,107
116,Bill Wilkinson,Right Handed,70,160,0,0,Shorter,Thinner,Shorter & Thinner,229
117,Joe Lovitto,Both L & R,72,185,0.216,4,Shorter,Heavier,Shorter & Heavier,10
118,Mike Loynd,Right Handed,76,210,0,0,Taller,Heavier,Taller & Heavier,307
119,Wayne Comer,Right Handed,70,175,0.229,16,Shorter,Thinner,Shorter & Thinner,229
120,Dave Collins,Both L & R,71,175,0.272,32,Shorter,Thinner,Shorter & Thinner,54
121,Ed Spiezio,Right Handed,71,180,0.238,39,Shorter,Thinner,Shorter & Thinner,229
122,Rico Petrocelli,Right Handed,72,175,0.251,210,Shorter,Thinner,Shorter & Thinner,229
123,Johnny Lewis,Left Handed,73,189,0.227,22,Taller,Heavier,Taller & Heavier,119
124,Dick Simpson,Right Handed,76,176,0.207,15,Taller,Thinner,Taller & Thinner,100
125,Ken Boswell,Left Handed,72,170,0.248,31,Shorter,Thinner,Shorter & Thinner,107
126,Ken McMullen,Right Handed,75,190,0.248,156,Taller,Heavier,Taller & Heavier,307
127,Randy Scarbery,Both L & R,73,185,0,0,Taller,Heavier,Taller & Heavier,27
128,Steve Swisher,Right Handed,74,205,0.216,20,Taller,Heavier,Taller & Heavier,307
129,Ben Callahan,Right Handed,79,230,0,0,Taller,Heavier,Taller & Heavier,307
130,Dick Howser,Right Handed,68,155,0.248,16,Shorter,Thinner,Shorter & Thinner,229
131,Manny Castillo,Both L & R,69,160,0.242,3,Shorter,Thinner,Shorter & Thinner,54
132,Mike Ramsey,Both L & R,73,170,0.24,2,Taller,Thinner,Taller & Thinner,13
133,Willie Crawford,Left Handed,73,197,0.268,86,Taller,Heavier,Taller & Heavier,119
134,Bobby Cuellar,Right Handed,71,188,0,0,Shorter,Heavier,Shorter & Heavier,101
135,Willie Norwood,Right Handed,72,185,0.242,18,Shorter,Heavier,Shorter & Heavier,101
136,Mike Jones,Left Handed,78,215,0,0,Taller,Heavier,Taller & Heavier,119
137,Jeff Stone,Left Handed,72,175,0.277,11,Shorter,Thinner,Shorter & Thinner,107
138,Ramon Manon,Right Handed,72,150,0,0,Shorter,Thinner,Shorter & Thinner,229
139,Joe Lahoud,Left Handed,73,198,0.223,65,Taller,Heavier,Taller & Heavier,119
140,Tim Flannery,Left Handed,71,175,0.255,9,Shorter,Thinner,Shorter & Thinner,107
141,Dave McKay,Both L & R,73,195,0.229,21,Taller,Heavier,Taller & Heavier,27
142,John Trautwein,Right Handed,75,205,0,0,Taller,Heavier,Taller & Heavier,307
143,Andy Replogle,Right Handed,77,205,0,0,Taller,Heavier,Taller & Heavier,307
144,Zach Crouch,Left Handed,75,180,0,0,Taller,Thinner,Taller & Thinner,43
145,Benny Ayala,Right Handed,73,185,0.251,38,Taller,Heavier,Taller & Heavier,307
146,Ron Romanick,Right Handed,76,195,0,0,Taller,Heavier,Taller & Heavier,307
147,Greg Gross,Left Handed,70,160,0.287,7,Shorter,Thinner,Shorter & Thinner,107
148,Bruce Tanner,Left Handed,75,220,0,0,Taller,Heavier,Taller & Heavier,119
149,Sal Butera,Right Handed,72,190,0.227,8,Shorter,Heavier,Shorter & Heavier,101
150,Jack Brohamer,Left Handed,70,165,0.245,30,Shorter,Thinner,Shorter & Thinner,107
151,Von Joshua,Left Handed,70,170,0.273,30,Shorter,Thinner,Shorter & Thinner,107
152,Eddie Milner,Left Handed,71,173,0.253,42,Shorter,Thinner,Shorter & Thinner,107
153,Johnny Jeter,Right Handed,73,180,0.244,18,Taller,Thinner,Taller & Thinner,100
154,Angel Salazar,Right Handed,72,180,0.212,2,Shorter,Thinner,Shorter & Thinner,229
155,Tony Oliva,Left Handed,73,175,0.304,220,Taller,Thinner,Taller & Thinner,43
156,Cito Gaston,Right Handed,75,190,0.256,91,Taller,Heavier,Taller & Heavier,307
157,Cookie Rojas,Right Handed,70,160,0.263,54,Shorter,Thinner,Shorter & Thinner,229
158,Rich Morales,Right Handed,71,170,0.195,6,Shorter,Thinner,Shorter & Thinner,229
159,Dave Ford,Right Handed,76,190,0,0,Taller,Heavier,Taller & Heavier,307
160,Dan Ford,Right Handed,73,185,0.27,121,Taller,Heavier,Taller & Heavier,307
161,Barry Raziano,Both L & R,70,175,0,0,Shorter,Thinner,Shorter & Thinner,54
162,Darryl Motley,Right Handed,69,196,0.243,44,Shorter,Heavier,Shorter & Heavier,101
163,Ozzie Virgil,Right Handed,73,180,0.243,98,Taller,Thinner,Taller & Thinner,100
164,Johnny Oates,Left Handed,71,188,0.25,14,Shorter,Heavier,Shorter & Heavier,47
165,Pat Underwood,Left Handed,72,175,0,0,Shorter,Thinner,Shorter & Thinner,107
166,Mike Phillips,Left Handed,72,170,0.24,11,Shorter,Thinner,Shorter & Thinner,107
167,Ron Santo,Right Handed,72,190,0.277,342,Shorter,Heavier,Shorter & Heavier,101
168,Jay Johnstone,Left Handed,73,175,0.267,102,Taller,Thinner,Taller & Thinner,43
169,Jim Ray Hart,Right Handed,71,185,0.278,170,Shorter,Heavier,Shorter & Heavier,101
170,Marc Hill,Right Handed,75,205,0.223,34,Taller,Heavier,Taller & Heavier,307
171,Joel McKeon,Left Handed,72,185,0,0,Shorter,Heavier,Shorter & Heavier,47
172,Danny Fife,Right Handed,75,175,0,0,Taller,Thinner,Taller & Thinner,100
173,Chico Salmon,Right Handed,70,160,0.249,31,Shorter,Thinner,Shorter & Thinner,229
174,Joe Niekro,Right Handed,73,185,0.156,1,Taller,Heavier,Taller & Heavier,307
175,Andy Etchebarren,Right Handed,73,190,0.235,49,Taller,Heavier,Taller & Heavier,307
176,Ken Berry,Right Handed,72,175,0.255,58,Shorter,Thinner,Shorter & Thinner,229
177,Dave Concepcion,Right Handed,74,155,0.267,101,Taller,Thinner,Taller & Thinner,100
178,Junior Moore,Right Handed,71,185,0.264,7,Shorter,Heavier,Shorter & Heavier,101
179,Mike Richardt,Right Handed,72,170,0.226,4,Shorter,Thinner,Shorter & Thinner,229
180,Chris Brown,Right Handed,72,185,0.269,38,Shorter,Heavier,Shorter & Heavier,101
181,Al Bumbry,Left Handed,68,170,0.281,54,Shorter,Thinner,Shorter & Thinner,107
182,Al Downing,Right Handed,71,175,0.127,2,Shorter,Thinner,Shorter & Thinner,229
183,Bob Didier,Both L & R,72,190,0.229,0,Shorter,Heavier,Shorter & Heavier,10
184,Jake Gibbs,Left Handed,72,180,0.233,25,Shorter,Thinner,Shorter & Thinner,107
185,Garry Hancock,Left Handed,72,175,0.247,12,Shorter,Thinner,Shorter & Thinner,107
186,Ed Kranepool,Left Handed,75,205,0.261,118,Taller,Heavier,Taller & Heavier,119
187,Rick Rhoden,Right Handed,75,195,0.238,9,Taller,Heavier,Taller & Heavier,307
188,Denny McLain,Right Handed,73,185,0.133,1,Taller,Heavier,Taller & Heavier,307
189,Chuck Hiller,Left Handed,71,170,0.243,20,Shorter,Thinner,Shorter & Thinner,107
190,Jorge Orta,Left Handed,70,170,0.278,130,Shorter,Thinner,Shorter & Thinner,107
191,Dave Cash,Right Handed,71,170,0.283,21,Shorter,Thinner,Shorter & Thinner,229
192,Bucky Dent,Right Handed,69,170,0.247,40,Shorter,Thinner,Shorter & Thinner,229
193,Andy Beene,Right Handed,75,205,0,0,Taller,Heavier,Taller & Heavier,307
194,Bruce Robbins,Left Handed,73,190,0,0,Taller,Heavier,Taller & Heavier,119
195,Tony Gonzalez,Left Handed,69,170,0.286,103,Shorter,Thinner,Shorter & Thinner,107
196,Leon Hooten,Right Handed,71,180,0,0,Shorter,Thinner,Shorter & Thinner,229
197,Larry Haney,Right Handed,74,195,0.215,12,Taller,Heavier,Taller & Heavier,307
198,Billy Conigliaro,Right Handed,72,180,0.256,40,Shorter,Thinner,Shorter & Thinner,229
199,Gary Roenicke,Right Handed,75,205,0.247,121,Taller,Heavier,Taller & Heavier,307
200,Don Lock,Right Handed,74,195,0.238,122,Taller,Heavier,Taller & Heavier,307
201,Billy Cowan,Right Handed,72,170,0.236,40,Shorter,Thinner,Shorter & Thinner,229
202,Billy Smith,Both L & R,74,185,0.23,17,Taller,Heavier,Taller & Heavier,27
203,Allan Ramirez,Right Handed,70,180,0,0,Shorter,Thinner,Shorter & Thinner,229
204,Tony Perez,Right Handed,74,175,0.279,379,Taller,Thinner,Taller & Thinner,100
205,Chuck Schilling,Right Handed,70,160,0.239,23,Shorter,Thinner,Shorter & Thinner,229
206,Hal McRae,Right Handed,71,180,0.29,191,Shorter,Thinner,Shorter & Thinner,229
207,Dave Roberts,Right Handed,75,215,0.239,49,Taller,Heavier,Taller & Heavier,307
208,Brian Allard,Right Handed,73,175,0,0,Taller,Thinner,Taller & Thinner,100
209,Jim Lefebvre,Both L & R,72,180,0.251,74,Shorter,Thinner,Shorter & Thinner,54
210,Fernando Arroyo,Right Handed,74,180,0,0,Taller,Thinner,Taller & Thinner,100
211,Gary Beare,Right Handed,76,205,0,0,Taller,Heavier,Taller & Heavier,307
212,Charlie Spikes,Right Handed,75,215,0.246,65,Taller,Heavier,Taller & Heavier,307
213,Brian Dubois,Left Handed,70,165,0,0,Shorter,Thinner,Shorter & Thinner,107
214,Steve Whitaker,Left Handed,72,180,0.23,24,Shorter,Thinner,Shorter & Thinner,107
215,Manny Jimenez,Left Handed,73,185,0.272,26,Taller,Heavier,Taller & Heavier,119
216,Chris Batton,Right Handed,76,195,0,0,Taller,Heavier,Taller & Heavier,307
217,Duffy Dyer,Right Handed,72,187,0.221,30,Shorter,Heavier,Shorter & Heavier,101
218,Ken Henderson,Both L & R,74,180,0.257,122,Taller,Thinner,Taller & Thinner,13
219,Vance Lovelace,Left Handed,77,205,0,0,Taller,Heavier,Taller & Heavier,119
220,Greg Thayer,Right Handed,71,182,0,0,Shorter,Thinner,Shorter & Thinner,229
221,Vern Fuller,Right Handed,73,170,0.232,14,Taller,Thinner,Taller & Thinner,100
222,Paul Hartzell,Right Handed,77,200,0,0,Taller,Heavier,Taller & Heavier,307
223,Wayne Gross,Left Handed,74,210,0.233,121,Taller,Heavier,Taller & Heavier,119
224,Mike Champion,Right Handed,72,185,0.229,2,Shorter,Heavier,Shorter & Heavier,101
225,Ralph Botting,Left Handed,72,195,0,0,Shorter,Heavier,Shorter & Heavier,47
226,Paul Casanova,Right Handed,76,180,0.225,50,Taller,Thinner,Taller & Thinner,100
227,Steve Rogers,Right Handed,74,175,0.138,0,Taller,Thinner,Taller & Thinner,100
228,Keith Creel,Right Handed,74,180,0,0,Taller,Thinner,Taller & Thinner,100
229,Terry Crowley,Left Handed,72,180,0.25,42,Shorter,Thinner,Shorter & Thinner,107
230,Horace Clarke,Both L & R,69,170,0.256,27,Shorter,Thinner,Shorter & Thinner,54
231,Lou Clinton,Right Handed,73,185,0.247,65,Taller,Heavier,Taller & Heavier,307
232,Larry Cox,Right Handed,70,178,0.221,12,Shorter,Thinner,Shorter & Thinner,229
233,Nate Colbert,Right Handed,74,190,0.243,173,Taller,Heavier,Taller & Heavier,307
234,Phil Roof,Right Handed,74,190,0.215,43,Taller,Heavier,Taller & Heavier,307
235,Chuck Hinton,Right Handed,73,180,0.264,113,Taller,Thinner,Taller & Thinner,100
236,Tim Cullen,Right Handed,73,185,0.22,9,Taller,Heavier,Taller & Heavier,307
237,Tim Harkness,Left Handed,74,182,0.235,14,Taller,Thinner,Taller & Thinner,43
238,Rick Bosetti,Right Handed,71,185,0.25,17,Shorter,Heavier,Shorter & Heavier,101
239,Ron Pruitt,Right Handed,72,185,0.269,12,Shorter,Heavier,Shorter & Heavier,101
240,George Foster,Right Handed,73,180,0.274,348,Taller,Thinner,Taller & Thinner,100
241,Jerry White,Both L & R,70,164,0.253,21,Shorter,Thinner,Shorter & Thinner,54
242,Angel Mangual,Right Handed,70,178,0.245,22,Shorter,Thinner,Shorter & Thinner,229
243,Ken Gerhart,Right Handed,72,190,0.221,24,Shorter,Heavier,Shorter & Heavier,101
244,Mike Hershberger,Right Handed,70,175,0.252,26,Shorter,Thinner,Shorter & Thinner,229
245,Jim French,Left Handed,68,180,0.196,5,Shorter,Thinner,Shorter & Thinner,107
246,Dave Roberts,Left Handed,75,195,0.194,7,Taller,Heavier,Taller & Heavier,119
247,Jim Mason,Left Handed,74,185,0.203,12,Taller,Heavier,Taller & Heavier,119
248,Mike Smith,Right Handed,75,180,0,0,Taller,Thinner,Taller & Thinner,100
249,Willie Smith,Left Handed,72,182,0.248,46,Shorter,Thinner,Shorter & Thinner,107
250,T.R. Bryden,Right Handed,76,190,0,0,Taller,Heavier,Taller & Heavier,307
251,Jose Arcia,Right Handed,75,170,0.215,1,Taller,Thinner,Taller & Thinner,100
252,Leon Durham,Left Handed,73,185,0.277,147,Taller,Heavier,Taller & Heavier,119
253,Tom Makowski,Right Handed,71,185,0,0,Shorter,Heavier,Shorter & Heavier,101
254,Paul Householder,Both L & R,72,180,0.236,29,Shorter,Thinner,Shorter & Thinner,54
255,Aurelio Rodriguez,Right Handed,70,180,0.237,124,Shorter,Thinner,Shorter & Thinner,229
256,Jimmy Stewart,Both L & R,72,165,0.237,8,Shorter,Thinner,Shorter & Thinner,54
257,Dick Phillips,Left Handed,72,180,0.229,12,Shorter,Thinner,Shorter & Thinner,107
258,Andres Thomas,Right Handed,73,170,0.234,42,Taller,Thinner,Taller & Thinner,100
259,Ed Crosby,Left Handed,74,175,0.22,0,Taller,Thinner,Taller & Thinner,43
260,Mike de la Hoz,Right Handed,71,175,0.251,25,Shorter,Thinner,Shorter & Thinner,229
261,Frank Taveras,Right Handed,72,155,0.255,2,Shorter,Thinner,Shorter & Thinner,229
262,Joe Nossek,Right Handed,72,178,0.228,3,Shorter,Thinner,Shorter & Thinner,229
263,Larry Stahl,Left Handed,72,175,0.232,36,Shorter,Thinner,Shorter & Thinner,107
264,Jose Cruz,Left Handed,72,170,0.284,165,Shorter,Thinner,Shorter & Thinner,107
265,Don Mason,Left Handed,71,160,0.205,3,Shorter,Thinner,Shorter & Thinner,107
266,Bill Robinson,Right Handed,74,189,0.258,166,Taller,Heavier,Taller & Heavier,307
267,Jim Umbarger,Left Handed,78,200,0,0,Taller,Heavier,Taller & Heavier,119
268,Sal Bando,Right Handed,72,195,0.254,242,Shorter,Heavier,Shorter & Heavier,101
269,George Mitterwald,Right Handed,74,195,0.236,76,Taller,Heavier,Taller & Heavier,307
270,Mike Darr,Right Handed,76,190,0,0,Taller,Heavier,Taller & Heavier,307
271,Craig Robinson,Right Handed,70,165,0.219,0,Shorter,Thinner,Shorter & Thinner,229
272,Bob Tillman,Right Handed,76,205,0.232,79,Taller,Heavier,Taller & Heavier,307
273,Curt Wardle,Left Handed,77,220,0,0,Taller,Heavier,Taller & Heavier,119
274,Pat Corrales,Right Handed,72,180,0.216,4,Shorter,Thinner,Shorter & Thinner,229
275,Mike Tyson,Right Handed,69,170,0.241,27,Shorter,Thinner,Shorter & Thinner,229
276,Rafael Landestoy,Both L & R,70,165,0.237,4,Shorter,Thinner,Shorter & Thinner,54
277,Duane Josephson,Right Handed,72,190,0.258,23,Shorter,Heavier,Shorter & Heavier,101
278,Duane Walker,Left Handed,72,185,0.229,24,Shorter,Heavier,Shorter & Heavier,47
279,Glenn Hubbard,Right Handed,69,150,0.244,70,Shorter,Thinner,Shorter & Thinner,229
280,Roger Freed,Right Handed,72,190,0.245,22,Shorter,Heavier,Shorter & Heavier,101
281,George Hendrick,Right Handed,75,195,0.278,267,Taller,Heavier,Taller & Heavier,307
282,Rod Carew,Left Handed,72,170,0.328,92,Shorter,Thinner,Shorter & Thinner,107
283,Bob Davis,Right Handed,72,180,0.197,6,Shorter,Thinner,Shorter & Thinner,229
284,Toby Harrah,Right Handed,72,175,0.264,195,Shorter,Thinner,Shorter & Thinner,229
285,Rick Manning,Left Handed,73,180,0.257,56,Taller,Thinner,Taller & Thinner,43
286,Israel Sanchez,Left Handed,69,170,0,0,Shorter,Thinner,Shorter & Thinner,107
287,Steve Burke,Both L & R,74,200,0,0,Taller,Heavier,Taller & Heavier,27
288,Gary Matthews,Right Handed,74,185,0.281,234,Taller,Heavier,Taller & Heavier,307
289,Cesar Geronimo,Left Handed,72,165,0.258,51,Shorter,Thinner,Shorter & Thinner,107
290,Billy Bryan,Left Handed,76,200,0.216,41,Taller,Heavier,Taller & Heavier,119
291,Terry Taylor,Right Handed,73,180,0,0,Taller,Thinner,Taller & Thinner,100
292,Terry Whitfield,Left Handed,73,197,0.281,33,Taller,Heavier,Taller & Heavier,119
293,Mario Mendoza,Right Handed,71,170,0.215,4,Shorter,Thinner,Shorter & Thinner,229
294,Fred Lynn,Left Handed,73,185,0.283,306,Taller,Heavier,Taller & Heavier,119
295,Larry Hisle,Right Handed,74,193,0.273,166,Taller,Heavier,Taller & Heavier,307
296,Graig Nettles,Left Handed,72,180,0.248,390,Shorter,Thinner,Shorter & Thinner,107
297,Randy Nosek,Right Handed,76,215,0,0,Taller,Heavier,Taller & Heavier,307
298,Dave Engle,Right Handed,75,210,0.262,31,Taller,Heavier,Taller & Heavier,307
299,Narciso Elvira,Left Handed,70,160,0,0,Shorter,Thinner,Shorter & Thinner,107
300,Mike Easler,Left Handed,72,190,0.293,118,Shorter,Heavier,Shorter & Heavier,47
301,Mark Smith,Right Handed,74,215,0,0,Taller,Heavier,Taller & Heavier,307
302,Paul Mitchell,Right Handed,73,195,0,0,Taller,Heavier,Taller & Heavier,307
303,Rick Sweet,Both L & R,73,200,0.234,6,Taller,Heavier,Taller & Heavier,27
304,Thurman Munson,Right Handed,71,190,0.292,113,Shorter,Heavier,Shorter & Heavier,101
305,Rick Monday,Left Handed,75,193,0.264,241,Taller,Heavier,Taller & Heavier,119
306,Mike Sadek,Right Handed,69,165,0.226,5,Shorter,Thinner,Shorter & Thinner,229
307,Mark Belanger,Right Handed,73,170,0.228,20,Taller,Thinner,Taller & Thinner,100
308,Ron Hunt,Right Handed,72,186,0.273,39,Shorter,Heavier,Shorter & Heavier,101
309,Joe Keough,Left Handed,72,185,0.246,9,Shorter,Heavier,Shorter & Heavier,47
310,Butch Edge,Right Handed,75,203,0,0,Taller,Heavier,Taller & Heavier,307
311,Vic Correll,Right Handed,70,185,0.229,29,Shorter,Heavier,Shorter & Heavier,101
312,Jackie Hernandez,Right Handed,71,165,0.208,12,Shorter,Thinner,Shorter & Thinner,229
313,Tony Solaita,Left Handed,72,210,0.255,50,Shorter,Heavier,Shorter & Heavier,47
314,U L Washington,Both L & R,71,175,0.251,27,Shorter,Thinner,Shorter & Thinner,54
315,Gary Mielke,Right Handed,75,185,0,0,Taller,Heavier,Taller & Heavier,307
316,Rick Henninger,Right Handed,78,225,0,0,Taller,Heavier,Taller & Heavier,307
317,Joe Foy,Right Handed,72,215,0.248,58,Shorter,Heavier,Shorter & Heavier,101
318,Ed Goodson,Left Handed,75,180,0.26,30,Taller,Thinner,Taller & Thinner,43
319,Mark Brown,Both L & R,74,190,0,0,Taller,Heavier,Taller & Heavier,27
320,Mickey Klutts,Right Handed,71,170,0.241,14,Shorter,Thinner,Shorter & Thinner,229
321,Leroy Stanton,Right Handed,73,195,0.244,77,Taller,Heavier,Taller & Heavier,307
322,Rafael Vasquez,Right Handed,72,160,0,0,Shorter,Thinner,Shorter & Thinner,229
323,Len Whitehouse,Left Handed,71,175,0,0,Shorter,Thinner,Shorter & Thinner,107
324,Danny Ainge,Right Handed,76,175,0.22,2,Taller,Thinner,Taller & Thinner,100
325,Adolfo Phillips,Right Handed,73,175,0.247,59,Taller,Thinner,Taller & Thinner,100
326,Marv Breeding,Right Handed,72,175,0.25,7,Shorter,Thinner,Shorter & Thinner,229
327,Steve Adkins,Right Handed,78,210,0,0,Taller,Heavier,Taller & Heavier,307
328,Dick McAuliffe,Left Handed,71,176,0.247,197,Shorter,Thinner,Shorter & Thinner,107
329,Joe Horlen,Right Handed,72,170,0.134,0,Shorter,Thinner,Shorter & Thinner,229
330,Glenn Burke,Right Handed,72,195,0.237,2,Shorter,Heavier,Shorter & Heavier,101
331,Tony Mack,Right Handed,70,177,0,0,Shorter,Thinner,Shorter & Thinner,229
332,Terry Humphrey,Right Handed,75,185,0.211,6,Taller,Heavier,Taller & Heavier,307
333,Bill Moran,Right Handed,76,210,0,0,Taller,Heavier,Taller & Heavier,307
334,Enzo Hernandez,Right Handed,68,155,0.224,2,Shorter,Thinner,Shorter & Thinner,229
335,Cesar Gutierrez,Right Handed,69,155,0.235,0,Shorter,Thinner,Shorter & Thinner,229
336,Coco Laboy,Right Handed,70,165,0.233,28,Shorter,Thinner,Shorter & Thinner,229
337,Ted Kubiak,Both L & R,72,175,0.231,13,Shorter,Thinner,Shorter & Thinner,54
338,Jim Morrison,Right Handed,71,175,0.26,112,Shorter,Thinner,Shorter & Thinner,229
339,Tom Gilles,Right Handed,73,185,0,0,Taller,Heavier,Taller & Heavier,307
340,Bobby Knoop,Right Handed,73,170,0.236,56,Taller,Thinner,Taller & Thinner,100
341,Bobby Brown,Both L & R,74,190,0.245,26,Taller,Heavier,Taller & Heavier,27
342,Tom Hutton,Left Handed,71,180,0.248,22,Shorter,Thinner,Shorter & Thinner,107
343,Ron Hodges,Left Handed,73,185,0.24,19,Taller,Heavier,Taller & Heavier,119
344,Rich Chiles,Left Handed,71,170,0.254,6,Shorter,Thinner,Shorter & Thinner,107
345,Tom Paciorek,Right Handed,76,215,0.282,86,Taller,Heavier,Taller & Heavier,307
346,Gary Woods,Right Handed,74,185,0.243,13,Taller,Heavier,Taller & Heavier,307
347,Bob Montgomery,Right Handed,73,195,0.258,23,Taller,Heavier,Taller & Heavier,307
348,Jeff Burroughs,Right Handed,73,200,0.261,240,Taller,Heavier,Taller & Heavier,307
349,Rusty Staub,Left Handed,74,190,0.279,292,Taller,Heavier,Taller & Heavier,119
350,Jim Norris,Left Handed,70,175,0.264,7,Shorter,Thinner,Shorter & Thinner,107
351,Oscar Gamble,Left Handed,71,160,0.265,200,Shorter,Thinner,Shorter & Thinner,107
352,Bob Kammeyer,Right Handed,76,210,0,0,Taller,Heavier,Taller & Heavier,307
353,George Vukovich,Left Handed,72,198,0.268,27,Shorter,Heavier,Shorter & Heavier,47
354,Joe Pactwa,Left Handed,71,185,0,0,Shorter,Heavier,Shorter & Heavier,47
355,Craig Reynolds,Left Handed,73,175,0.256,42,Taller,Thinner,Taller & Thinner,43
356,Paul Blair,Right Handed,72,168,0.25,134,Shorter,Thinner,Shorter & Thinner,229
357,Al Cowens,Right Handed,73,197,0.27,108,Taller,Heavier,Taller & Heavier,307
358,Al Oliver,Left Handed,72,195,0.303,219,Shorter,Heavier,Shorter & Heavier,47
359,Dave Hilton,Right Handed,71,191,0.213,6,Shorter,Heavier,Shorter & Heavier,101
360,Luis Alvarado,Right Handed,69,162,0.214,5,Shorter,Thinner,Shorter & Thinner,229
361,Larry Parrish,Right Handed,75,190,0.263,256,Taller,Heavier,Taller & Heavier,307
362,Woodie Fryman,Right Handed,75,197,0.138,2,Taller,Heavier,Taller & Heavier,307
363,Bob Randall,Right Handed,74,175,0.257,1,Taller,Thinner,Taller & Thinner,100
364,Jim Pankovits,Right Handed,70,170,0.25,9,Shorter,Thinner,Shorter & Thinner,229
365,Sherman Corbett,Left Handed,76,205,0,0,Taller,Heavier,Taller & Heavier,119
366,Carmen Fanzone,Right Handed,72,200,0.224,20,Shorter,Heavier,Shorter & Heavier,101
367,Gary Allenson,Right Handed,71,185,0.221,19,Shorter,Heavier,Shorter & Heavier,101
368,Milt May,Left Handed,72,190,0.263,77,Shorter,Heavier,Shorter & Heavier,47
369,Mike Vail,Right Handed,73,180,0.279,34,Taller,Thinner,Taller & Thinner,100
370,Nick Esasky,Right Handed,75,200,0.25,122,Taller,Heavier,Taller & Heavier,307
371,Jim Nettles,Left Handed,72,186,0.22,16,Shorter,Heavier,Shorter & Heavier,47
372,Lafayette Currence,Both L & R,71,175,0,0,Shorter,Thinner,Shorter & Thinner,54
373,Chris Cannizzaro,Right Handed,72,190,0.235,18,Shorter,Heavier,Shorter & Heavier,101
374,Larry Biittner,Left Handed,74,205,0.273,29,Taller,Heavier,Taller & Heavier,119
375,John Pawlowski,Right Handed,74,175,0,0,Taller,Thinner,Taller & Thinner,100
376,Mel Stottlemyre,Right Handed,73,178,0.16,7,Taller,Thinner,Taller & Thinner,100
377,Jack Hardy,Right Handed,74,175,0,0,Taller,Thinner,Taller & Thinner,100
378,Ron Musselman,Right Handed,74,185,0,0,Taller,Heavier,Taller & Heavier,307
379,Roy Smalley,Both L & R,73,185,0.257,163,Taller,Heavier,Taller & Heavier,27
380,Tony Chevez,Right Handed,71,177,0,0,Shorter,Thinner,Shorter & Thinner,229
381,Andy Messersmith,Right Handed,73,200,0.17,5,Taller,Heavier,Taller & Heavier,307
382,Richie Zisk,Right Handed,73,200,0.287,207,Taller,Heavier,Taller & Heavier,307
383,Dave Chalk,Right Handed,70,175,0.252,15,Shorter,Thinner,Shorter & Thinner,229
384,Don Baylor,Right Handed,73,190,0.26,338,Taller,Heavier,Taller & Heavier,307
385,John Vukovich,Right Handed,73,187,0.161,6,Taller,Heavier,Taller & Heavier,307
386,Danny Thompson,Right Handed,72,183,0.248,15,Shorter,Thinner,Shorter & Thinner,229
387,Joe Simpson,Left Handed,75,175,0.242,9,Taller,Thinner,Taller & Thinner,43
388,Bill Fahey,Left Handed,72,200,0.241,7,Shorter,Heavier,Shorter & Heavier,47
389,Doug Camilli,Right Handed,71,195,0.199,18,Shorter,Heavier,Shorter & Heavier,101
390,Bernie Allen,Left Handed,72,175,0.239,73,Shorter,Thinner,Shorter & Thinner,107
391,Bruce Bochy,Right Handed,75,205,0.239,26,Taller,Heavier,Taller & Heavier,307
392,Gary Ignasiak,Right Handed,71,185,0,0,Shorter,Heavier,Shorter & Heavier,101
393,Claudell Washington,Left Handed,72,190,0.278,164,Shorter,Heavier,Shorter & Heavier,47
394,John Donaldson,Left Handed,71,160,0.238,4,Shorter,Thinner,Shorter & Thinner,107
395,Mike Smithson,Left Handed,80,215,0,0,Taller,Heavier,Taller & Heavier,119
396,John Mayberry,Left Handed,75,215,0.253,255,Taller,Heavier,Taller & Heavier,119
397,Ken Reitz,Right Handed,72,180,0.26,68,Shorter,Thinner,Shorter & Thinner,229
398,Amos Otis,Right Handed,71,165,0.277,193,Shorter,Thinner,Shorter & Thinner,229
399,Gene Alley,Right Handed,70,160,0.254,55,Shorter,Thinner,Shorter & Thinner,229
400,Ted Sizemore,Right Handed,70,165,0.262,23,Shorter,Thinner,Shorter & Thinner,229
401,Dan Briggs,Left Handed,72,180,0.195,12,Shorter,Thinner,Shorter & Thinner,107
402,Joe Skalski,Right Handed,75,190,0,0,Taller,Heavier,Taller & Heavier,307
403,Doug Flynn,Right Handed,71,165,0.238,7,Shorter,Thinner,Shorter & Thinner,229
404,Bert Bradley,Both L & R,73,190,0,0,Taller,Heavier,Taller & Heavier,27
405,Ken Holtzman,Right Handed,74,175,0.163,2,Taller,Thinner,Taller & Thinner,100
406,Pete Ward,Left Handed,73,185,0.254,98,Taller,Heavier,Taller & Heavier,119
407,Kevin Bell,Right Handed,72,195,0.222,13,Shorter,Heavier,Shorter & Heavier,101
408,Tom Nieto,Right Handed,73,193,0.205,5,Taller,Heavier,Taller & Heavier,307
409,Duke Sims,Left Handed,74,197,0.239,100,Taller,Heavier,Taller & Heavier,119
410,Larvell Blanks,Right Handed,68,167,0.253,20,Shorter,Thinner,Shorter & Thinner,229
411,Francisco Barrios,Right Handed,71,155,0,0,Shorter,Thinner,Shorter & Thinner,229
412,Mike Davis,Left Handed,74,175,0.259,91,Taller,Thinner,Taller & Thinner,43
413,Jerry Reuss,Left Handed,77,200,0.167,1,Taller,Heavier,Taller & Heavier,119
414,Steve Yeager,Right Handed,72,190,0.228,102,Shorter,Heavier,Shorter & Heavier,101
415,Danny Goodwin,Left Handed,73,195,0.236,13,Taller,Heavier,Taller & Heavier,119
416,Bud Harrelson,Both L & R,71,160,0.236,7,Shorter,Thinner,Shorter & Thinner,54
417,Bob Knepper,Left Handed,75,195,0.137,6,Taller,Heavier,Taller & Heavier,119
418,Mickey Rivers,Left Handed,70,165,0.295,61,Shorter,Thinner,Shorter & Thinner,107
419,Jim Northrup,Left Handed,75,190,0.267,153,Taller,Heavier,Taller & Heavier,119
420,John Hale,Left Handed,74,195,0.201,14,Taller,Heavier,Taller & Heavier,119
421,Reggie Ritter,Left Handed,74,195,0,0,Taller,Heavier,Taller & Heavier,119
422,Pedro Garcia,Right Handed,70,175,0.22,37,Shorter,Thinner,Shorter & Thinner,229
423,Carl Yastrzemski,Left Handed,71,175,0.285,452,Shorter,Thinner,Shorter & Thinner,107
424,Bob Babcock,Right Handed,77,210,0,0,Taller,Heavier,Taller & Heavier,307
425,Craig Eaton,Right Handed,71,175,0,0,Shorter,Thinner,Shorter & Thinner,229
426,Derrel Thomas,Both L & R,72,160,0.249,43,Shorter,Thinner,Shorter & Thinner,54
427,Art Howe,Right Handed,74,190,0.26,43,Taller,Heavier,Taller & Heavier,307
428,Ike Brown,Right Handed,72,190,0.256,20,Shorter,Heavier,Shorter & Heavier,101
429,Howie Goss,Right Handed,76,204,0.216,11,Taller,Heavier,Taller & Heavier,307
430,Glenn Borgmann,Right Handed,76,210,0.229,16,Taller,Heavier,Taller & Heavier,307
431,Lamar Johnson,Right Handed,74,215,0.287,64,Taller,Heavier,Taller & Heavier,307
432,Julio Gonzalez,Right Handed,71,162,0.235,4,Shorter,Thinner,Shorter & Thinner,229
433,Bobby Klaus,Right Handed,70,170,0.208,6,Shorter,Thinner,Shorter & Thinner,229
434,Manny Sanguillen,Right Handed,72,193,0.296,65,Shorter,Heavier,Shorter & Heavier,101
435,Gates Brown,Left Handed,71,220,0.257,84,Shorter,Heavier,Shorter & Heavier,47
436,Johnny Ray,Both L & R,71,170,0.29,53,Shorter,Thinner,Shorter & Thinner,54
437,Jesus Alou,Right Handed,74,190,0.28,32,Taller,Heavier,Taller & Heavier,307
438,Ken Landreaux,Left Handed,70,165,0.268,91,Shorter,Thinner,Shorter & Thinner,107
439,Enos Cabell,Right Handed,76,170,0.277,60,Taller,Thinner,Taller & Thinner,100
440,Roy Branch,Right Handed,72,175,0,0,Shorter,Thinner,Shorter & Thinner,229
441,Billy North,Both L & R,71,185,0.261,20,Shorter,Heavier,Shorter & Heavier,10
442,Juan Beniquez,Right Handed,71,150,0.274,79,Shorter,Thinner,Shorter & Thinner,229
443,Frank Fernandez,Right Handed,72,185,0.199,39,Shorter,Heavier,Shorter & Heavier,101
444,Bombo Rivera,Right Handed,70,187,0.265,10,Shorter,Heavier,Shorter & Heavier,101
445,Steve Brye,Right Handed,72,190,0.258,30,Shorter,Heavier,Shorter & Heavier,101
446,Ron Jackson,Right Handed,72,200,0.259,56,Shorter,Heavier,Shorter & Heavier,101
447,Roger Metzger,Both L & R,72,165,0.231,5,Shorter,Thinner,Shorter & Thinner,54
448,Rufino Linares,Right Handed,72,170,0.27,11,Shorter,Thinner,Shorter & Thinner,229
449,Ray Webster,Left Handed,72,185,0.244,17,Shorter,Heavier,Shorter & Heavier,47
450,Bob Kearney,Right Handed,72,190,0.233,27,Shorter,Heavier,Shorter & Heavier,101
451,Fergie Jenkins,Right Handed,77,205,0.165,13,Taller,Heavier,Taller & Heavier,307
452,Dick Dietz,Right Handed,73,195,0.261,66,Taller,Heavier,Taller & Heavier,307
453,Ted Cox,Right Handed,75,195,0.245,10,Taller,Heavier,Taller & Heavier,307
454,Bobby Mitchell,Left Handed,70,170,0.243,3,Shorter,Thinner,Shorter & Thinner,107
455,Bobby Mitchell,Right Handed,75,185,0.235,21,Taller,Heavier,Taller & Heavier,307
456,Barry Evans,Right Handed,73,180,0.251,2,Taller,Thinner,Taller & Thinner,100
457,Mickey Brantley,Right Handed,70,180,0.259,32,Shorter,Thinner,Shorter & Thinner,229
458,Al Gallagher,Right Handed,72,180,0.263,11,Shorter,Thinner,Shorter & Thinner,229
459,Rob Woodward,Right Handed,75,185,0,0,Taller,Heavier,Taller & Heavier,307
460,Hector Cruz,Right Handed,71,170,0.225,39,Shorter,Thinner,Shorter & Thinner,229
461,Fred Norman,Both L & R,68,155,0.125,0,Shorter,Thinner,Shorter & Thinner,54
462,Woody Woodward,Right Handed,74,180,0.236,1,Taller,Thinner,Taller & Thinner,100
463,Ted Martinez,Right Handed,72,165,0.24,7,Shorter,Thinner,Shorter & Thinner,229
464,Jim Anderson,Right Handed,72,170,0.218,13,Shorter,Thinner,Shorter & Thinner,229
465,Lenn Sakata,Right Handed,69,160,0.23,25,Shorter,Thinner,Shorter & Thinner,229
466,Dave Duncan,Right Handed,74,190,0.214,109,Taller,Heavier,Taller & Heavier,307
467,Randy Jones,Right Handed,72,178,0.132,0,Shorter,Thinner,Shorter & Thinner,229
468,Dick Billings,Right Handed,73,195,0.227,16,Taller,Heavier,Taller & Heavier,307
469,Bob Veselic,Right Handed,72,175,0,0,Shorter,Thinner,Shorter & Thinner,229
470,Bruce Bochte,Left Handed,75,195,0.282,100,Taller,Heavier,Taller & Heavier,119
471,Bernie Carbo,Left Handed,71,173,0.264,96,Shorter,Thinner,Shorter & Thinner,107
472,Vic Davalillo,Left Handed,67,150,0.279,36,Shorter,Thinner,Shorter & Thinner,107
473,Burt Hooton,Right Handed,73,210,0.123,4,Taller,Heavier,Taller & Heavier,307
474,Chuck Hockenbery,Both L & R,73,195,0,0,Taller,Heavier,Taller & Heavier,27
475,Bob Ferris,Right Handed,78,225,0,0,Taller,Heavier,Taller & Heavier,307
476,Fernando Gonzalez,Right Handed,70,165,0.235,17,Shorter,Thinner,Shorter & Thinner,229
477,Jim Sundberg,Right Handed,72,190,0.248,95,Shorter,Heavier,Shorter & Heavier,101
478,Andy Kosco,Right Handed,75,205,0.236,73,Taller,Heavier,Taller & Heavier,307
479,Steve Huntz,Both L & R,73,204,0.206,16,Taller,Heavier,Taller & Heavier,27
480,Gary Wheelock,Right Handed,75,205,0,0,Taller,Heavier,Taller & Heavier,307
481,Lenny Faedo,Right Handed,72,170,0.251,5,Shorter,Thinner,Shorter & Thinner,229
482,John Lowenstein,Left Handed,72,175,0.253,116,Shorter,Thinner,Shorter & Thinner,107
483,Don Kessinger,Both L & R,73,170,0.252,14,Taller,Thinner,Taller & Thinner,13
484,Joe Hague,Left Handed,72,195,0.239,40,Shorter,Heavier,Shorter & Heavier,47
485,Bake McBride,Left Handed,74,190,0.299,63,Taller,Heavier,Taller & Heavier,119
486,Dick Davis,Right Handed,75,190,0.265,27,Taller,Heavier,Taller & Heavier,307
487,Richie Scheinblum,Both L & R,73,180,0.263,13,Taller,Thinner,Taller & Thinner,13
488,Ed Herrmann,Left Handed,73,195,0.24,80,Taller,Heavier,Taller & Heavier,119
489,Mike Rochford,Left Handed,76,205,0,0,Taller,Heavier,Taller & Heavier,119
490,Jeff Schneider,Both L & R,75,195,0,0,Taller,Heavier,Taller & Heavier,27
491,Bob Molinaro,Left Handed,72,190,0.264,14,Shorter,Heavier,Shorter & Heavier,47
492,Mike Hegan,Left Handed,73,188,0.242,53,Taller,Heavier,Taller & Heavier,119
493,Mike Diaz,Right Handed,74,195,0.247,31,Taller,Heavier,Taller & Heavier,307
494,Tim Foli,Right Handed,72,179,0.251,25,Shorter,Thinner,Shorter & Thinner,229
495,Alan Knicely,Right Handed,72,190,0.213,12,Shorter,Heavier,Shorter & Heavier,101
496,Tim Laudner,Right Handed,75,212,0.225,77,Taller,Heavier,Taller & Heavier,307
497,Jose Morales,Right Handed,71,187,0.287,26,Shorter,Heavier,Shorter & Heavier,101
498,Luis Encarnacion,Right Handed,70,178,0,0,Shorter,Thinner,Shorter & Thinner,229
499,Rick Kreuger,Right Handed,74,185,0,0,Taller,Heavier,Taller & Heavier,307
500,Juan Marichal,Right Handed,72,185,0.165,4,Shorter,Heavier,Shorter & Heavier,101
501,Vida Blue,Both L & R,72,189,0.104,4,Shorter,Heavier,Shorter & Heavier,10
502,Angel Moreno,Left Handed,69,165,0,0,Shorter,Thinner,Shorter & Thinner,107
503,Roger Weaver,Right Handed,75,190,0,0,Taller,Heavier,Taller & Heavier,307
504,Stan Papi,Right Handed,72,170,0.218,7,Shorter,Thinner,Shorter & Thinner,229
505,Rob Wilfong,Left Handed,73,180,0.248,39,Taller,Thinner,Taller & Thinner,43
506,Chris Knapp,Right Handed,77,195,0,0,Taller,Heavier,Taller & Heavier,307
507,Steve Henderson,Right Handed,74,190,0.28,68,Taller,Heavier,Taller & Heavier,307
508,Rob Picciolo,Right Handed,74,185,0.234,17,Taller,Heavier,Taller & Heavier,307
509,Don Welchel,Right Handed,76,205,0,0,Taller,Heavier,Taller & Heavier,307
510,Randy Wiles,Left Handed,73,185,0,0,Taller,Heavier,Taller & Heavier,119
511,Roberto Pena,Right Handed,68,170,0.245,13,Shorter,Thinner,Shorter & Thinner,229
512,Bob Dernier,Right Handed,72,160,0.255,23,Shorter,Thinner,Shorter & Thinner,229
513,Bill Melton,Right Handed,74,200,0.253,160,Taller,Heavier,Taller & Heavier,307
514,Albert Hall,Both L & R,71,155,0.251,5,Shorter,Thinner,Shorter & Thinner,54
515,Barbaro Garbey,Right Handed,70,170,0.267,11,Shorter,Thinner,Shorter & Thinner,229
516,John Milner,Left Handed,72,185,0.249,131,Shorter,Heavier,Shorter & Heavier,47
517,Rich Reese,Left Handed,75,185,0.253,52,Taller,Heavier,Taller & Heavier,119
518,Chris Bando,Both L & R,72,195,0.227,27,Shorter,Heavier,Shorter & Heavier,10
519,Bill Buckner,Left Handed,72,185,0.289,174,Shorter,Heavier,Shorter & Heavier,47
520,Jack Hiatt,Right Handed,74,190,0.251,22,Taller,Heavier,Taller & Heavier,307
521,Nelson Mathews,Right Handed,76,195,0.223,22,Taller,Heavier,Taller & Heavier,307
522,Larry Lintz,Both L & R,69,150,0.227,0,Shorter,Thinner,Shorter & Thinner,54
523,Ron Theobald,Right Handed,68,165,0.248,2,Shorter,Thinner,Shorter & Thinner,229
524,Dewey Robinson,Right Handed,72,180,0,0,Shorter,Thinner,Shorter & Thinner,229
525,Rafael Santana,Right Handed,73,165,0.246,13,Taller,Thinner,Taller & Thinner,100
526,Jerry Hairston,Both L & R,70,170,0.258,30,Shorter,Thinner,Shorter & Thinner,54
527,Tony Arnold,Right Handed,71,170,0,0,Shorter,Thinner,Shorter & Thinner,229
528,Jeff Schattinger,Left Handed,77,200,0,0,Taller,Heavier,Taller & Heavier,119
529,Ike Brookens,Right Handed,77,170,0,0,Taller,Thinner,Taller & Thinner,100
530,Tommie Aaron,Right Handed,75,190,0.229,13,Taller,Heavier,Taller & Heavier,307
531,Steve Dillard,Right Handed,73,180,0.243,13,Taller,Thinner,Taller & Thinner,100
532,Win Remmerswaal,Right Handed,74,160,0,0,Taller,Thinner,Taller & Thinner,100
533,Jeff Peterek,Right Handed,74,195,0,0,Taller,Heavier,Taller & Heavier,307
534,George Scott,Right Handed,74,200,0.268,271,Taller,Heavier,Taller & Heavier,307
535,Jeff Shaver,Right Handed,75,195,0,0,Taller,Heavier,Taller & Heavier,307
536,Ken Walters,Right Handed,73,180,0.231,11,Taller,Thinner,Taller & Thinner,100
537,Gorman Thomas,Right Handed,74,210,0.225,268,Taller,Heavier,Taller & Heavier,307
538,Paul Dade,Right Handed,73,185,0.27,10,Taller,Heavier,Taller & Heavier,307
539,Darrell Porter,Left Handed,72,193,0.247,188,Shorter,Heavier,Shorter & Heavier,47
540,Tim Johnson,Left Handed,73,170,0.223,0,Taller,Thinner,Taller & Thinner,43
541,Fred Stanley,Right Handed,70,165,0.216,10,Shorter,Thinner,Shorter & Thinner,229
542,Larry Bowa,Both L & R,70,155,0.26,15,Shorter,Thinner,Shorter & Thinner,54
543,Tim Corcoran,Left Handed,71,175,0.27,12,Shorter,Thinner,Shorter & Thinner,107
544,Jim Spencer,Left Handed,74,195,0.25,146,Taller,Heavier,Taller & Heavier,119
545,Pete LaCock,Left Handed,74,200,0.257,27,Taller,Heavier,Taller & Heavier,119
546,Carl Morton,Right Handed,72,200,0.156,7,Shorter,Heavier,Shorter & Heavier,101
547,Gary Gray,Right Handed,72,187,0.24,24,Shorter,Heavier,Shorter & Heavier,101
548,Matty Alou,Left Handed,69,160,0.307,31,Shorter,Thinner,Shorter & Thinner,107
549,Pete Filson,Both L & R,74,195,0,0,Taller,Heavier,Taller & Heavier,27
550,Jim Dwyer,Left Handed,70,165,0.26,77,Shorter,Thinner,Shorter & Thinner,107
551,Dalton Jones,Left Handed,73,180,0.235,41,Taller,Thinner,Taller & Thinner,43
552,Rennie Stennett,Right Handed,71,160,0.274,41,Shorter,Thinner,Shorter & Thinner,229
553,Jim Gideon,Right Handed,75,190,0,0,Taller,Heavier,Taller & Heavier,307
554,Jerry May,Right Handed,74,190,0.234,15,Taller,Heavier,Taller & Heavier,307
555,Rich McKinney,Right Handed,71,185,0.225,20,Shorter,Heavier,Shorter & Heavier,101
556,Clint Hurdle,Left Handed,75,195,0.259,32,Taller,Heavier,Taller & Heavier,119
557,Mike Andrews,Right Handed,75,195,0.258,66,Taller,Heavier,Taller & Heavier,307
558,Bobby Clark,Right Handed,72,190,0.239,19,Shorter,Heavier,Shorter & Heavier,101
559,Jeff Twitty,Left Handed,74,185,0,0,Taller,Heavier,Taller & Heavier,119
560,Cliff Johnson,Right Handed,76,215,0.258,196,Taller,Heavier,Taller & Heavier,307
561,Steve Cummings,Both L & R,74,200,0,0,Taller,Heavier,Taller & Heavier,27
562,Donn Clendenon,Right Handed,76,209,0.274,159,Taller,Heavier,Taller & Heavier,307
563,Charlie James,Right Handed,73,195,0.255,29,Taller,Heavier,Taller & Heavier,307
564,Bob Horner,Right Handed,73,195,0.277,218,Taller,Heavier,Taller & Heavier,307
565,Tom Veryzer,Right Handed,73,175,0.241,14,Taller,Thinner,Taller & Thinner,100
566,Jose Cecena,Right Handed,71,180,0,0,Shorter,Thinner,Shorter & Thinner,229
567,George Smith,Right Handed,70,170,0.205,9,Shorter,Thinner,Shorter & Thinner,229
568,Jim Essian,Right Handed,74,195,0.244,33,Taller,Heavier,Taller & Heavier,307
569,Onix Concepcion,Right Handed,66,160,0.239,3,Shorter,Thinner,Shorter & Thinner,229
570,Boots Day,Left Handed,69,160,0.256,8,Shorter,Thinner,Shorter & Thinner,107
571,Brian Giles,Right Handed,73,165,0.228,10,Taller,Thinner,Taller & Thinner,100
572,Garry Maddox,Right Handed,75,175,0.285,117,Taller,Thinner,Taller & Thinner,100
573,Alex Trevino,Right Handed,70,165,0.249,23,Shorter,Thinner,Shorter & Thinner,229
574,Jim Price,Right Handed,72,192,0.214,18,Shorter,Heavier,Shorter & Heavier,101
575,Felix Millan,Right Handed,71,172,0.279,22,Shorter,Thinner,Shorter & Thinner,229
576,Steve Garvey,Right Handed,70,192,0.294,272,Shorter,Heavier,Shorter & Heavier,101
577,Don Mincher,Left Handed,75,205,0.249,200,Taller,Heavier,Taller & Heavier,119
578,Greg Erardi,Right Handed,73,190,0,0,Taller,Heavier,Taller & Heavier,307
579,Jim Farr,Right Handed,73,195,0,0,Taller,Heavier,Taller & Heavier,307
580,Tony Cloninger,Right Handed,72,210,0.192,11,Shorter,Heavier,Shorter & Heavier,101
581,Jim Gosger,Left Handed,71,185,0.226,30,Shorter,Heavier,Shorter & Heavier,47
582,Chuck Harrison,Right Handed,70,185,0.238,17,Shorter,Heavier,Shorter & Heavier,101
583,Mike Ivie,Right Handed,75,205,0.269,81,Taller,Heavier,Taller & Heavier,307
584,Frank Dimichele,Right Handed,75,205,0,0,Taller,Heavier,Taller & Heavier,307
585,Bob Veale,Both L & R,78,212,0.114,0,Taller,Heavier,Taller & Heavier,27
586,Marvell Wynne,Left Handed,71,175,0.247,40,Shorter,Thinner,Shorter & Thinner,107
587,Dusty Baker,Right Handed,74,183,0.278,242,Taller,Thinner,Taller & Thinner,100
588,Tucker Ashford,Right Handed,73,195,0.218,6,Taller,Heavier,Taller & Heavier,307
589,Ned Yost,Right Handed,73,190,0.212,16,Taller,Heavier,Taller & Heavier,307
590,Bob Stinson,Both L & R,71,180,0.25,33,Shorter,Thinner,Shorter & Thinner,54
591,Mike Warren,Right Handed,73,175,0,0,Taller,Thinner,Taller & Thinner,100
592,Gaylord Perry,Right Handed,76,205,0.131,6,Taller,Heavier,Taller & Heavier,307
593,Dave Marshall,Left Handed,73,182,0.246,16,Taller,Thinner,Taller & Thinner,43
594,Mickey Hatcher,Right Handed,74,200,0.28,38,Taller,Heavier,Taller & Heavier,307
595,Roger Repoz,Left Handed,75,190,0.224,82,Taller,Heavier,Taller & Heavier,119
596,Bill Fulton,Right Handed,75,195,0,0,Taller,Heavier,Taller & Heavier,307
597,John Orsino,Right Handed,75,215,0.249,40,Taller,Heavier,Taller & Heavier,307
598,Larry Anderson,Right Handed,75,190,0,0,Taller,Heavier,Taller & Heavier,307
599,Johnny Briggs,Left Handed,73,190,0.253,139,Taller,Heavier,Taller & Heavier,119
600,Craig Mitchell,Right Handed,75,180,0,0,Taller,Thinner,Taller & Thinner,100
601,Dave Hostetler,Right Handed,76,215,0.229,37,Taller,Heavier,Taller & Heavier,307
602,Bob Jones,Left Handed,74,195,0.221,20,Taller,Heavier,Taller & Heavier,119
603,Keith Hernandez,Left Handed,72,180,0.296,162,Shorter,Thinner,Shorter & Thinner,107
604,Alfredo Martinez,Right Handed,75,185,0,0,Taller,Heavier,Taller & Heavier,307
605,Dean Chance,Right Handed,75,200,0.066,0,Taller,Heavier,Taller & Heavier,307
606,Willie Upshaw,Left Handed,72,185,0.262,123,Shorter,Heavier,Shorter & Heavier,47
607,Dick Green,Right Handed,70,180,0.24,80,Shorter,Thinner,Shorter & Thinner,229
608,Dane Iorg,Left Handed,72,180,0.276,14,Shorter,Thinner,Shorter & Thinner,107
609,Richie Hebner,Left Handed,73,195,0.276,203,Taller,Heavier,Taller & Heavier,119
610,Fran Healy,Right Handed,77,220,0.25,20,Taller,Heavier,Taller & Heavier,307
611,Doc Edwards,Right Handed,74,215,0.238,15,Taller,Heavier,Taller & Heavier,307
612,Sandy Alomar,Both L & R,69,140,0.245,13,Shorter,Thinner,Shorter & Thinner,54
613,Joe Strain,Right Handed,70,169,0.25,1,Shorter,Thinner,Shorter & Thinner,229
614,Gene Richards,Left Handed,72,175,0.29,26,Shorter,Thinner,Shorter & Thinner,107
615,Buddy Bell,Right Handed,73,180,0.279,201,Taller,Thinner,Taller & Thinner,100
616,Al Woods,Left Handed,75,190,0.271,35,Taller,Heavier,Taller & Heavier,119
617,Rudy Law,Left Handed,73,165,0.271,18,Taller,Thinner,Taller & Thinner,43
618,Joel Davis,Left Handed,77,205,0,0,Taller,Heavier,Taller & Heavier,119
619,Jody Davis,Right Handed,76,192,0.245,127,Taller,Heavier,Taller & Heavier,307
620,Mike Edwards,Right Handed,70,154,0.25,2,Shorter,Thinner,Shorter & Thinner,229
621,Bill Mooneyham,Right Handed,72,175,0,0,Shorter,Thinner,Shorter & Thinner,229
622,John Hobbs,Right Handed,75,190,0,0,Taller,Heavier,Taller & Heavier,307
623,Deron Johnson,Right Handed,74,200,0.244,245,Taller,Heavier,Taller & Heavier,307
624,John Denny,Right Handed,75,185,0.17,0,Taller,Heavier,Taller & Heavier,307
625,Don Wert,Right Handed,70,162,0.242,77,Shorter,Thinner,Shorter & Thinner,229
626,Mike Fiore,Left Handed,72,175,0.227,13,Shorter,Thinner,Shorter & Thinner,107
627,Miguel Dilone,Both L & R,72,160,0.265,6,Shorter,Thinner,Shorter & Thinner,54
628,Greg Luzinski,Right Handed,73,220,0.276,307,Taller,Heavier,Taller & Heavier,307
629,Bobby Tolan,Left Handed,71,170,0.265,86,Shorter,Thinner,Shorter & Thinner,107
630,Karl Best,Right Handed,76,190,0,0,Taller,Heavier,Taller & Heavier,307
631,Steve Barr,Left Handed,76,200,0,0,Taller,Heavier,Taller & Heavier,119
632,Ron Woods,Right Handed,70,168,0.233,26,Shorter,Thinner,Shorter & Thinner,229
633,Tony Horton,Right Handed,75,210,0.268,76,Taller,Heavier,Taller & Heavier,307
634,Randy Hundley,Right Handed,71,170,0.236,82,Shorter,Thinner,Shorter & Thinner,229
635,Jose Tartabull,Left Handed,71,165,0.261,2,Shorter,Thinner,Shorter & Thinner,107
636,Ben Oglivie,Left Handed,74,160,0.273,235,Taller,Thinner,Taller & Thinner,43
637,Luis Sanchez,Right Handed,74,170,0,0,Taller,Thinner,Taller & Thinner,100
638,Bob Johnson,Right Handed,70,175,0.272,44,Shorter,Thinner,Shorter & Thinner,229
639,Don Buford,Both L & R,67,160,0.264,93,Shorter,Thinner,Shorter & Thinner,54
640,Duane Kuiper,Left Handed,72,175,0.271,1,Shorter,Thinner,Shorter & Thinner,107
641,Brant Alyea,Right Handed,75,215,0.247,38,Taller,Heavier,Taller & Heavier,307
642,Jerry Narron,Left Handed,75,205,0.211,21,Taller,Heavier,Taller & Heavier,119
643,Lou Johnson,Right Handed,71,170,0.258,48,Shorter,Thinner,Shorter & Thinner,229
644,Ken Retzer,Left Handed,72,185,0.264,14,Shorter,Heavier,Shorter & Heavier,47
645,Mike Brown,Right Handed,74,195,0.265,23,Taller,Heavier,Taller & Heavier,307
646,Mike Brown,Right Handed,74,195,0,0,Taller,Heavier,Taller & Heavier,307
647,Greg Walker,Left Handed,75,205,0.26,113,Taller,Heavier,Taller & Heavier,119
648,Terry Harper,Right Handed,76,195,0.253,36,Taller,Heavier,Taller & Heavier,307
649,Jerry Royster,Right Handed,72,165,0.249,40,Shorter,Thinner,Shorter & Thinner,229
650,Steve Davis,Left Handed,73,195,0,0,Taller,Heavier,Taller & Heavier,119
651,Jeff Rineer,Left Handed,76,205,0,0,Taller,Heavier,Taller & Heavier,119
652,Barry Bonnell,Right Handed,75,190,0.272,56,Taller,Heavier,Taller & Heavier,307
653,Tom Seaver,Right Handed,73,195,0.154,12,Taller,Heavier,Taller & Heavier,307
654,Jerry Martin,Right Handed,73,195,0.251,85,Taller,Heavier,Taller & Heavier,307
655,Bill Stein,Right Handed,70,170,0.267,44,Shorter,Thinner,Shorter & Thinner,229
656,Joel Youngblood,Right Handed,72,180,0.265,80,Shorter,Thinner,Shorter & Thinner,229
657,Reggie Jackson,Left Handed,72,195,0.262,563,Shorter,Heavier,Shorter & Heavier,47
658,Sonny Jackson,Left Handed,69,150,0.251,7,Shorter,Thinner,Shorter & Thinner,107
659,Mark Mercer,Left Handed,77,220,0,0,Taller,Heavier,Taller & Heavier,119
660,Rodney Scott,Both L & R,72,160,0.236,3,Shorter,Thinner,Shorter & Thinner,54
661,Rich Coggins,Left Handed,68,170,0.265,12,Shorter,Thinner,Shorter & Thinner,107
662,Phil Gagliano,Right Handed,73,180,0.238,14,Taller,Thinner,Taller & Thinner,100
663,Jerry McNertney,Right Handed,72,180,0.237,27,Shorter,Thinner,Shorter & Thinner,229
664,Mitchell Page,Left Handed,74,205,0.266,72,Taller,Heavier,Taller & Heavier,119
665,Kiko Garcia,Right Handed,71,180,0.239,12,Shorter,Thinner,Shorter & Thinner,229
666,Larry Milbourne,Both L & R,72,161,0.254,11,Shorter,Thinner,Shorter & Thinner,54
667,Bill Sudakis,Both L & R,73,190,0.234,59,Taller,Heavier,Taller & Heavier,27
668,John Caneira,Right Handed,75,180,0,0,Taller,Thinner,Taller & Thinner,100
669,Domingo Ramos,Right Handed,70,154,0.24,8,Shorter,Thinner,Shorter & Thinner,229
670,Ron Oester,Both L & R,74,185,0.265,42,Taller,Heavier,Taller & Heavier,27
671,Glenn Adams,Left Handed,73,180,0.28,34,Taller,Thinner,Taller & Thinner,43
672,Clint Zavaras,Right Handed,73,175,0,0,Taller,Thinner,Taller & Thinner,100
673,Joe Morgan,Left Handed,67,160,0.271,268,Shorter,Thinner,Shorter & Thinner,107
674,R.J. Reynolds,Both L & R,72,190,0.267,35,Shorter,Heavier,Shorter & Heavier,10
675,Mike Parrott,Right Handed,76,210,0,0,Taller,Heavier,Taller & Heavier,307
676,Lee Thomas,Left Handed,74,195,0.255,106,Taller,Heavier,Taller & Heavier,119
677,Ray Fosse,Right Handed,74,215,0.256,61,Taller,Heavier,Taller & Heavier,307
678,Paul Popovich,Both L & R,72,175,0.233,14,Shorter,Thinner,Shorter & Thinner,54
679,John Stephenson,Left Handed,71,180,0.216,12,Shorter,Thinner,Shorter & Thinner,107
680,Doug Clemens,Left Handed,72,180,0.229,12,Shorter,Thinner,Shorter & Thinner,107
681,Luis Aponte,Right Handed,72,185,0,0,Shorter,Heavier,Shorter & Heavier,101
682,Orlando Mercado,Right Handed,72,180,0.199,7,Shorter,Thinner,Shorter & Thinner,229
683,Charley Smith,Right Handed,73,170,0.239,69,Taller,Thinner,Taller & Thinner,100
684,Paul Boris,Right Handed,74,200,0,0,Taller,Heavier,Taller & Heavier,307
685,Buddy Biancalana,Both L & R,71,160,0.205,6,Shorter,Thinner,Shorter & Thinner,54
686,De Wayne Buice,Right Handed,72,170,0,0,Shorter,Thinner,Shorter & Thinner,229
687,Bob Uecker,Right Handed,73,190,0.2,14,Taller,Heavier,Taller & Heavier,307
688,Felix Torres,Right Handed,71,165,0.254,27,Shorter,Thinner,Shorter & Thinner,229
689,Steve Braun,Left Handed,70,180,0.271,52,Shorter,Thinner,Shorter & Thinner,107
690,Ray Knight,Right Handed,73,185,0.271,84,Taller,Heavier,Taller & Heavier,307
691,Ty Cline,Left Handed,72,170,0.238,6,Shorter,Thinner,Shorter & Thinner,107
692,Thad Bosley,Left Handed,75,175,0.272,20,Taller,Thinner,Taller & Thinner,43
693,Bobby Grich,Right Handed,74,180,0.266,224,Taller,Thinner,Taller & Thinner,100
694,Jimmie Hall,Left Handed,72,175,0.254,121,Shorter,Thinner,Shorter & Thinner,107
695,John Boccabella,Right Handed,73,195,0.219,26,Taller,Heavier,Taller & Heavier,307
696,Brock Davis,Left Handed,70,160,0.26,1,Shorter,Thinner,Shorter & Thinner,107
697,Mark Esser,Right Handed,73,190,0,0,Taller,Heavier,Taller & Heavier,307
698,Curt Blefary,Left Handed,74,195,0.237,112,Taller,Heavier,Taller & Heavier,119
699,Daryl Smith,Right Handed,76,185,0,0,Taller,Heavier,Taller & Heavier,307
700,Dave Smith,Right Handed,73,190,0,0,Taller,Heavier,Taller & Heavier,307
701,Mack Jones,Left Handed,73,180,0.252,133,Taller,Thinner,Taller & Thinner,43
702,Buddy Bradford,Right Handed,71,170,0.226,52,Shorter,Thinner,Shorter & Thinner,229
703,Hosken Powell,Left Handed,73,175,0.259,17,Taller,Thinner,Taller & Thinner,43
704,Dave Stapleton,Left Handed,73,185,0,0,Taller,Heavier,Taller & Heavier,119
705,Dave Stapleton,Right Handed,73,178,0.271,41,Taller,Thinner,Taller & Thinner,100
706,Gary Ward,Right Handed,74,195,0.276,130,Taller,Heavier,Taller & Heavier,307
707,Jim Lonborg,Right Handed,77,200,0.136,3,Taller,Heavier,Taller & Heavier,307
708,Joe Lis,Right Handed,72,175,0.233,32,Shorter,Thinner,Shorter & Thinner,229
709,Dan Meyer,Left Handed,71,180,0.253,86,Shorter,Thinner,Shorter & Thinner,107
710,Jim Holt,Left Handed,72,180,0.265,19,Shorter,Thinner,Shorter & Thinner,107
711,Tom Klawitter,Right Handed,74,190,0,0,Taller,Heavier,Taller & Heavier,307
712,Larry Herndon,Right Handed,75,190,0.274,107,Taller,Heavier,Taller & Heavier,307
713,Gary Christenson,Left Handed,77,200,0,0,Taller,Heavier,Taller & Heavier,119
714,Jim Wright,Right Handed,77,205,0,0,Taller,Heavier,Taller & Heavier,307
715,Jim Wright,Right Handed,73,165,0,0,Taller,Thinner,Taller & Thinner,100
716,Wallace Johnson,Both L & R,72,173,0.255,5,Shorter,Thinner,Shorter & Thinner,54
717,Mike Kinnunen,Left Handed,73,185,0,0,Taller,Heavier,Taller & Heavier,119
718,Eddie Leon,Right Handed,72,170,0.236,24,Shorter,Thinner,Shorter & Thinner,229
719,Dave Rajsich,Left Handed,77,175,0,0,Taller,Thinner,Taller & Thinner,43
720,Jim Wohlford,Right Handed,71,175,0.26,21,Shorter,Thinner,Shorter & Thinner,229
721,J.R. Richard,Right Handed,80,222,0.168,10,Taller,Heavier,Taller & Heavier,307
722,Bill Voss,Left Handed,74,160,0.227,19,Taller,Thinner,Taller & Thinner,43
723,Keith Moreland,Right Handed,72,190,0.279,121,Shorter,Heavier,Shorter & Heavier,101
724,Ramon Pena,Right Handed,70,155,0,0,Shorter,Thinner,Shorter & Thinner,229
725,Alex Johnson,Right Handed,72,205,0.288,78,Shorter,Heavier,Shorter & Heavier,101
726,Wayne Krenchicki,Left Handed,73,180,0.266,15,Taller,Thinner,Taller & Thinner,43
727,Chico Escarrega,Right Handed,71,185,0,0,Shorter,Heavier,Shorter & Heavier,101
728,Dave Rosello,Right Handed,71,160,0.236,10,Shorter,Thinner,Shorter & Thinner,229
729,Cardell Camper,Right Handed,75,208,0,0,Taller,Heavier,Taller & Heavier,307
730,Paul Schaal,Right Handed,71,165,0.244,57,Shorter,Thinner,Shorter & Thinner,229
731,Tito Landrum,Right Handed,71,175,0.249,13,Shorter,Thinner,Shorter & Thinner,229
732,Dave Edwards,Right Handed,72,170,0.237,14,Shorter,Thinner,Shorter & Thinner,229
733,Mario Guerrero,Right Handed,70,155,0.257,7,Shorter,Thinner,Shorter & Thinner,229
734,Tom Tresh,Both L & R,73,180,0.245,153,Taller,Thinner,Taller & Thinner,13
735,Mike Overy,Right Handed,74,190,0,0,Taller,Heavier,Taller & Heavier,307
736,Ron Roenicke,Both L & R,72,180,0.238,17,Shorter,Thinner,Shorter & Thinner,54
737,Doug Griffin,Right Handed,72,160,0.245,7,Shorter,Thinner,Shorter & Thinner,229
738,Steve Blass,Right Handed,72,165,0.172,1,Shorter,Thinner,Shorter & Thinner,229
739,Johnnie LeMaster,Right Handed,74,165,0.222,22,Taller,Thinner,Taller & Thinner,100
740,Craig Chamberlain,Right Handed,73,190,0,0,Taller,Heavier,Taller & Heavier,307
741,Nate Oliver,Right Handed,70,160,0.226,2,Shorter,Thinner,Shorter & Thinner,229
742,Ray Sadecki,Left Handed,71,180,0.191,5,Shorter,Thinner,Shorter & Thinner,107
743,Ken Rudolph,Right Handed,73,180,0.213,6,Taller,Thinner,Taller & Thinner,100
744,Wayne Nordhagen,Right Handed,74,205,0.282,39,Taller,Heavier,Taller & Heavier,307
745,Biff Pocoroba,Both L & R,70,175,0.257,21,Shorter,Thinner,Shorter & Thinner,54
746,Len Matuszek,Left Handed,74,190,0.234,30,Taller,Heavier,Taller & Heavier,119
747,Frank Eufemia,Right Handed,71,185,0,0,Shorter,Heavier,Shorter & Heavier,101
748,Joe Lefebvre,Left Handed,70,170,0.258,31,Shorter,Thinner,Shorter & Thinner,107
749,Jim Maloney,Left Handed,74,190,0.201,7,Taller,Heavier,Taller & Heavier,119
750,Andre Robertson,Right Handed,70,155,0.251,5,Shorter,Thinner,Shorter & Thinner,229
751,Jerry Zimmerman,Right Handed,74,185,0.204,3,Taller,Heavier,Taller & Heavier,307
752,Jack Lazorko,Right Handed,71,200,0,0,Shorter,Heavier,Shorter & Heavier,101
753,Mike Paxton,Right Handed,71,190,0,0,Shorter,Heavier,Shorter & Heavier,101
754,Chet Lemon,Right Handed,72,190,0.273,215,Shorter,Heavier,Shorter & Heavier,101
755,Rickey Keeton,Right Handed,74,190,0,0,Taller,Heavier,Taller & Heavier,307
756,Phil Mankowski,Left Handed,72,180,0.264,8,Shorter,Thinner,Shorter & Thinner,107
757,Cleon Jones,Right Handed,72,185,0.281,93,Shorter,Heavier,Shorter & Heavier,101
758,Joaquin Andujar,Both L & R,72,170,0.127,5,Shorter,Thinner,Shorter & Thinner,54
759,Mike Lum,Left Handed,72,180,0.247,90,Shorter,Thinner,Shorter & Thinner,107
760,Johnny Grubb,Left Handed,75,175,0.278,99,Taller,Thinner,Taller & Thinner,43
761,Curt Motton,Right Handed,68,164,0.213,25,Shorter,Thinner,Shorter & Thinner,229
762,Johnny Bench,Right Handed,73,197,0.267,389,Taller,Heavier,Taller & Heavier,307
763,Dale Berra,Right Handed,72,180,0.236,49,Shorter,Thinner,Shorter & Thinner,229
764,Terry Felton,Right Handed,73,180,0,0,Taller,Thinner,Taller & Thinner,100
765,Bob Meacham,Both L & R,73,175,0.236,8,Taller,Thinner,Taller & Thinner,13
766,Mark Clear,Right Handed,76,200,0,0,Taller,Heavier,Taller & Heavier,307
767,Carl Warwick,Right Handed,70,170,0.248,31,Shorter,Thinner,Shorter & Thinner,229
768,Sam Bowens,Right Handed,73,188,0.223,45,Taller,Heavier,Taller & Heavier,307
769,George Wright,Both L & R,71,180,0.245,42,Shorter,Thinner,Shorter & Thinner,54
770,Luis Aguayo,Right Handed,69,173,0.236,37,Shorter,Thinner,Shorter & Thinner,229
771,Hal Lanier,Right Handed,74,180,0.228,8,Taller,Thinner,Taller & Thinner,100
772,Mike Pazik,Left Handed,74,195,0,0,Taller,Heavier,Taller & Heavier,119
773,Len Randle,Both L & R,70,169,0.257,27,Shorter,Thinner,Shorter & Thinner,54
774,Greg Pryor,Right Handed,72,180,0.25,14,Shorter,Thinner,Shorter & Thinner,229
775,Jim Traber,Left Handed,72,194,0.227,27,Shorter,Heavier,Shorter & Heavier,47
776,Dave Nelson,Right Handed,70,160,0.244,20,Shorter,Thinner,Shorter & Thinner,229
777,Lynn Jones,Right Handed,69,175,0.252,7,Shorter,Thinner,Shorter & Thinner,229
778,Bryan Little,Both L & R,70,160,0.245,3,Shorter,Thinner,Shorter & Thinner,54
779,Ken Suarez,Right Handed,69,175,0.227,5,Shorter,Thinner,Shorter & Thinner,229
780,Rick Peters,Both L & R,69,170,0.277,2,Shorter,Thinner,Shorter & Thinner,54
781,Ron Stone,Left Handed,74,185,0.241,6,Taller,Heavier,Taller & Heavier,119
782,Rich Barnes,Right Handed,76,186,0,0,Taller,Heavier,Taller & Heavier,307
783,Tommie Agee,Right Handed,71,195,0.255,130,Shorter,Heavier,Shorter & Heavier,101
784,Bob Bailey,Right Handed,73,180,0.257,189,Taller,Thinner,Taller & Thinner,100
785,Cap Peterson,Right Handed,74,195,0.23,19,Taller,Heavier,Taller & Heavier,307
786,Ted Uhlaender,Left Handed,74,190,0.263,36,Taller,Heavier,Taller & Heavier,119
787,Ted Simmons,Both L & R,71,193,0.285,248,Shorter,Heavier,Shorter & Heavier,10
788,Bobby Murcer,Left Handed,71,160,0.277,252,Shorter,Thinner,Shorter & Thinner,107
789,Dick Tracewski,Right Handed,71,160,0.213,8,Shorter,Thinner,Shorter & Thinner,229
790,Dave Frost,Right Handed,78,235,0,0,Taller,Heavier,Taller & Heavier,307
791,Mark Souza,Left Handed,72,180,0,0,Shorter,Thinner,Shorter & Thinner,107
792,Bill Nahorodny,Right Handed,74,200,0.241,25,Taller,Heavier,Taller & Heavier,307
793,Bill Madlock,Right Handed,71,180,0.305,163,Shorter,Thinner,Shorter & Thinner,229
794,Bob Boone,Right Handed,74,195,0.254,105,Taller,Heavier,Taller & Heavier,307
795,Rick Jones,Left Handed,77,190,0,0,Taller,Heavier,Taller & Heavier,119
796,Steve Kemp,Left Handed,72,195,0.278,130,Shorter,Heavier,Shorter & Heavier,47
797,Rick Burleson,Right Handed,70,165,0.273,50,Shorter,Thinner,Shorter & Thinner,229
798,Jim Dorsey,Right Handed,79,190,0,0,Taller,Heavier,Taller & Heavier,307
799,Mark Ciardi,Right Handed,72,180,0,0,Shorter,Thinner,Shorter & Thinner,229
800,Dennis Burtt,Right Handed,72,180,0,0,Shorter,Thinner,Shorter & Thinner,229
801,Carl Taylor,Right Handed,74,200,0.266,10,Taller,Heavier,Taller & Heavier,307
802,Terry Harmon,Right Handed,74,180,0.233,4,Taller,Thinner,Taller & Thinner,100
803,Mike Hargrove,Left Handed,72,195,0.29,80,Shorter,Heavier,Shorter & Heavier,47
804,Rich Yett,Right Handed,74,187,0,0,Taller,Heavier,Taller & Heavier,307
805,Steve Hovley,Left Handed,70,188,0.258,8,Shorter,Heavier,Shorter & Heavier,47
806,Don Leppert,Right Handed,74,220,0.229,15,Taller,Heavier,Taller & Heavier,307
807,Matt Williams,Right Handed,73,200,0,0,Taller,Heavier,Taller & Heavier,307
808,Jim Burton,Right Handed,75,195,0,0,Taller,Heavier,Taller & Heavier,307
809,Rick Anderson,Right Handed,74,210,0,0,Taller,Heavier,Taller & Heavier,307
810,Charlie Mitchell,Right Handed,75,170,0,0,Taller,Thinner,Taller & Thinner,100
811,Bill Paschall,Right Handed,72,175,0,0,Shorter,Thinner,Shorter & Thinner,229
812,John Bohnet,Both L & R,72,175,0,0,Shorter,Thinner,Shorter & Thinner,54
813,Byron McLaughlin,Right Handed,73,175,0,0,Taller,Thinner,Taller & Thinner,100
814,Lee May,Right Handed,75,195,0.267,354,Taller,Heavier,Taller & Heavier,307
815,Luis Quintana,Left Handed,74,175,0,0,Taller,Thinner,Taller & Thinner,43
816,Sam McDowell,Left Handed,77,190,0.154,2,Taller,Heavier,Taller & Heavier,119
817,Rick Renick,Right Handed,72,188,0.221,20,Shorter,Heavier,Shorter & Heavier,101
818,Jeff Torborg,Right Handed,72,195,0.214,8,Shorter,Heavier,Shorter & Heavier,101
819,Dave Campbell,Right Handed,73,180,0.213,20,Taller,Thinner,Taller & Thinner,100
820,Pat Kelly,Left Handed,73,185,0.264,76,Taller,Heavier,Taller & Heavier,119
821,Al Weis,Both L & R,72,160,0.219,7,Shorter,Thinner,Shorter & Thinner,54
822,Jerry Turner,Left Handed,69,180,0.257,45,Shorter,Thinner,Shorter & Thinner,107
823,Rick Auerbach,Right Handed,72,165,0.22,9,Shorter,Thinner,Shorter & Thinner,229
824,Keith Macwhorter,Right Handed,76,190,0,0,Taller,Heavier,Taller & Heavier,307
825,Don Wilson,Right Handed,74,195,0.146,1,Taller,Heavier,Taller & Heavier,307
826,Jaime Cocanower,Right Handed,76,200,0,0,Taller,Heavier,Taller & Heavier,307
827,Jeff Sellers,Right Handed,73,175,0,0,Taller,Thinner,Taller & Thinner,100
828,Sandy Valdespino,Left Handed,68,170,0.23,7,Shorter,Thinner,Shorter & Thinner,107
829,Steve Senteney,Right Handed,74,205,0,0,Taller,Heavier,Taller & Heavier,307
830,Howard Bailey,Right Handed,72,195,0,0,Shorter,Heavier,Shorter & Heavier,101
831,Jeff Bettendorf,Right Handed,75,180,0,0,Taller,Thinner,Taller & Thinner,100
832,Ken Phelps,Left Handed,73,209,0.239,123,Taller,Heavier,Taller & Heavier,119
833,Cesar Cedeno,Right Handed,74,175,0.285,199,Taller,Thinner,Taller & Thinner,100
834,Bob Davidson,Right Handed,72,185,0,0,Shorter,Heavier,Shorter & Heavier,101
835,Phil Linz,Right Handed,73,180,0.235,11,Taller,Thinner,Taller & Thinner,100
836,Manny Mota,Right Handed,70,160,0.304,31,Shorter,Thinner,Shorter & Thinner,229
837,Brian Snyder,Left Handed,75,185,0,0,Taller,Heavier,Taller & Heavier,119
838,Steve Renko,Right Handed,77,230,0.215,6,Taller,Heavier,Taller & Heavier,307
839,Rick Sofield,Left Handed,73,195,0.243,9,Taller,Heavier,Taller & Heavier,119
840,Carlos Velazquez,Right Handed,71,180,0,0,Shorter,Thinner,Shorter & Thinner,229
841,Roger Miller,Right Handed,75,200,0,0,Taller,Heavier,Taller & Heavier,307
842,Doug DeCinces,Right Handed,74,190,0.259,237,Taller,Heavier,Taller & Heavier,307
843,John Castino,Right Handed,71,175,0.278,41,Shorter,Thinner,Shorter & Thinner,229
844,Dave May,Left Handed,70,186,0.251,96,Shorter,Heavier,Shorter & Heavier,47
845,Ron Washington,Right Handed,71,155,0.261,20,Shorter,Thinner,Shorter & Thinner,229
846,Billy Grabarkewitz,Right Handed,70,165,0.236,28,Shorter,Thinner,Shorter & Thinner,229
847,Willie Aikens,Left Handed,75,220,0.271,110,Taller,Heavier,Taller & Heavier,119
848,Earl Williams,Right Handed,75,215,0.247,138,Taller,Heavier,Taller & Heavier,307
849,Willie Mueller,Right Handed,76,220,0,0,Taller,Heavier,Taller & Heavier,307
850,John Flinn,Right Handed,72,175,0,0,Shorter,Thinner,Shorter & Thinner,229
851,Don Hahn,Right Handed,73,180,0.236,7,Taller,Thinner,Taller & Thinner,100
852,Todd Cruz,Right Handed,72,175,0.22,34,Shorter,Thinner,Shorter & Thinner,229
853,Tom Egan,Right Handed,76,218,0.2,22,Taller,Heavier,Taller & Heavier,307
854,Bob Heise,Right Handed,72,175,0.247,1,Shorter,Thinner,Shorter & Thinner,229
855,Tommy Harper,Right Handed,69,165,0.257,146,Shorter,Thinner,Shorter & Thinner,229
856,Joe Wallis,Both L & R,71,180,0.244,16,Shorter,Thinner,Shorter & Thinner,54
857,Max Alvis,Right Handed,71,185,0.247,111,Shorter,Heavier,Shorter & Heavier,101
858,Rico Carty,Right Handed,75,200,0.299,204,Taller,Heavier,Taller & Heavier,307
859,Mike Cubbage,Left Handed,72,180,0.258,34,Shorter,Thinner,Shorter & Thinner,107
860,Les Straker,Right Handed,73,193,0,0,Taller,Heavier,Taller & Heavier,307
861,Merritt Ranew,Left Handed,71,170,0.247,8,Shorter,Thinner,Shorter & Thinner,107
862,Lyman Bostock,Left Handed,73,180,0.311,23,Taller,Thinner,Taller & Thinner,43
863,Damaso Garcia,Right Handed,73,165,0.283,36,Taller,Thinner,Taller & Thinner,100
864,Don Kainer,Right Handed,75,205,0,0,Taller,Heavier,Taller & Heavier,307
865,Don Gordon,Right Handed,73,175,0,0,Taller,Thinner,Taller & Thinner,100
866,Roy Howell,Left Handed,73,190,0.261,80,Taller,Heavier,Taller & Heavier,119
867,Boog Powell,Left Handed,76,230,0.266,339,Taller,Heavier,Taller & Heavier,119
868,Sandy Wihtol,Right Handed,73,195,0,0,Taller,Heavier,Taller & Heavier,307
869,Sonny Siebert,Right Handed,75,190,0.173,12,Taller,Heavier,Taller & Heavier,307
870,Jeff Richardson,Right Handed,75,185,0,0,Taller,Heavier,Taller & Heavier,307
871,Bobby Darwin,Right Handed,74,190,0.251,83,Taller,Heavier,Taller & Heavier,307
872,Dennis DeBarr,Left Handed,74,190,0,0,Taller,Heavier,Taller & Heavier,119
873,Dan Driessen,Left Handed,71,187,0.267,153,Shorter,Heavier,Shorter & Heavier,47
874,Bruce Miller,Right Handed,73,185,0.246,1,Taller,Heavier,Taller & Heavier,307
875,Bob Bailor,Right Handed,71,170,0.264,9,Shorter,Thinner,Shorter & Thinner,229
876,Tommy Helms,Right Handed,70,165,0.269,34,Shorter,Thinner,Shorter & Thinner,229
877,Tony Armas,Right Handed,71,182,0.252,251,Shorter,Thinner,Shorter & Thinner,229
878,Willie Horton,Right Handed,71,209,0.273,325,Shorter,Heavier,Shorter & Heavier,101
879,Lou Piniella,Right Handed,72,182,0.291,102,Shorter,Thinner,Shorter & Thinner,229
880,Butch Hobson,Right Handed,73,193,0.248,98,Taller,Heavier,Taller & Heavier,307
881,John Wathan,Right Handed,74,205,0.262,21,Taller,Heavier,Taller & Heavier,307
882,Hal King,Left Handed,73,200,0.214,24,Taller,Heavier,Taller & Heavier,119
883,Mike Krukow,Right Handed,77,205,0.193,5,Taller,Heavier,Taller & Heavier,307
884,Andres Mora,Right Handed,72,180,0.223,27,Shorter,Thinner,Shorter & Thinner,229
885,Barry Foote,Right Handed,75,205,0.23,57,Taller,Heavier,Taller & Heavier,307
886,Ed Ott,Left Handed,70,190,0.259,33,Shorter,Heavier,Shorter & Heavier,47
887,Alan Wiggins,Both L & R,74,160,0.259,5,Taller,Thinner,Taller & Thinner,13
888,Ron Clark,Right Handed,70,175,0.189,5,Shorter,Thinner,Shorter & Thinner,229
889,Jay Pettibone,Right Handed,76,182,0,0,Taller,Thinner,Taller & Thinner,100
890,Glen Cook,Right Handed,71,180,0,0,Shorter,Thinner,Shorter & Thinner,229
891,Julio Gotay,Right Handed,72,180,0.26,6,Shorter,Thinner,Shorter & Thinner,229
892,Gary Alexander,Right Handed,74,195,0.23,55,Taller,Heavier,Taller & Heavier,307
893,Andre Thornton,Right Handed,75,200,0.254,253,Taller,Heavier,Taller & Heavier,307
894,Bob Oliver,Right Handed,75,205,0.256,94,Taller,Heavier,Taller & Heavier,307
895,Bill Castro,Right Handed,71,170,0,0,Shorter,Thinner,Shorter & Thinner,229
896,Ed Hodge,Left Handed,74,192,0,0,Taller,Heavier,Taller & Heavier,119
897,Tom Buskey,Right Handed,75,200,0,0,Taller,Heavier,Taller & Heavier,307
898,Bruce Taylor,Right Handed,72,178,0,0,Shorter,Thinner,Shorter & Thinner,229
899,Stan Thomas,Right Handed,74,185,0,0,Taller,Heavier,Taller & Heavier,307
900,Bob Robertson,Right Handed,73,195,0.242,115,Taller,Heavier,Taller & Heavier,307
901,Larry Monroe,Right Handed,76,200,0,0,Taller,Heavier,Taller & Heavier,307
902,Roger Slagle,Right Handed,75,190,0,0,Taller,Heavier,Taller & Heavier,307
903,Ollie Brown,Right Handed,74,178,0.265,102,Taller,Thinner,Taller & Thinner,100
904,Jim Campbell,Left Handed,71,175,0,0,Shorter,Thinner,Shorter & Thinner,107
905,Frank Quilici,Right Handed,73,170,0.214,5,Taller,Thinner,Taller & Thinner,100
906,Curt Kaufman,Right Handed,74,175,0,0,Taller,Thinner,Taller & Thinner,100
907,Joe Pepitone,Left Handed,74,185,0.258,219,Taller,Heavier,Taller & Heavier,119
908,Steve Barber,Left Handed,72,195,0.115,5,Shorter,Heavier,Shorter & Heavier,47
909,De Wayne Vaughn,Right Handed,71,180,0,0,Shorter,Thinner,Shorter & Thinner,229
910,Norm Miller,Left Handed,70,185,0.238,24,Shorter,Heavier,Shorter & Heavier,47
911,Bob Galasso,Left Handed,73,205,0,0,Taller,Heavier,Taller & Heavier,119
912,Rich Wortham,Right Handed,72,185,0,0,Shorter,Heavier,Shorter & Heavier,101
913,Bob Chance,Left Handed,74,196,0.261,24,Taller,Heavier,Taller & Heavier,119
914,Julio Cruz,Both L & R,69,165,0.237,23,Shorter,Thinner,Shorter & Thinner,54
915,Bill Sample,Right Handed,69,175,0.272,46,Shorter,Thinner,Shorter & Thinner,229
916,Juan Nieves,Left Handed,75,175,0,0,Taller,Thinner,Taller & Thinner,43
917,Mike Bacsik,Right Handed,74,180,0,0,Taller,Thinner,Taller & Thinner,100
918,Craig Kusick,Right Handed,75,210,0.235,46,Taller,Heavier,Taller & Heavier,307
919,Rudy Meoli,Left Handed,69,165,0.212,2,Shorter,Thinner,Shorter & Thinner,107
920,Ruppert Jones,Left Handed,70,170,0.25,147,Shorter,Thinner,Shorter & Thinner,107
921,Glenn Hoffman,Right Handed,73,175,0.242,23,Taller,Thinner,Taller & Thinner,100
922,Russ Gibson,Right Handed,73,195,0.228,8,Taller,Heavier,Taller & Heavier,307
923,Phil Huffman,Right Handed,74,180,0,0,Taller,Thinner,Taller & Thinner,100
924,Terry Francona,Left Handed,73,190,0.274,16,Taller,Heavier,Taller & Heavier,119
925,John Bateman,Right Handed,75,210,0.23,81,Taller,Heavier,Taller & Heavier,307
926,Luis Pujols,Right Handed,74,175,0.193,6,Taller,Thinner,Taller & Thinner,100
927,Joe Gaines,Right Handed,73,190,0.241,21,Taller,Heavier,Taller & Heavier,307
928,Doug Rader,Right Handed,74,208,0.251,155,Taller,Heavier,Taller & Heavier,307
929,Mickey Stanley,Right Handed,73,185,0.248,117,Taller,Heavier,Taller & Heavier,307
930,Steve Brown,Right Handed,77,200,0,0,Taller,Heavier,Taller & Heavier,307
931,Rick Lysander,Right Handed,74,190,0,0,Taller,Heavier,Taller & Heavier,307
932,Phil Bradley,Right Handed,72,185,0.286,78,Shorter,Heavier,Shorter & Heavier,101
933,Winston Llenas,Right Handed,70,165,0.23,3,Shorter,Thinner,Shorter & Thinner,229
934,Charlie Moore,Right Handed,71,180,0.261,36,Shorter,Thinner,Shorter & Thinner,229
935,Ralph Garr,Left Handed,71,185,0.306,75,Shorter,Heavier,Shorter & Heavier,47
936,Tommy John,Right Handed,75,180,0.157,5,Taller,Thinner,Taller & Thinner,100
937,Bruce Benedict,Right Handed,73,175,0.242,18,Taller,Thinner,Taller & Thinner,100
938,John Ellis,Right Handed,74,225,0.262,69,Taller,Heavier,Taller & Heavier,307
939,Wes Parker,Both L & R,73,180,0.267,64,Taller,Thinner,Taller & Thinner,13
940,Mel Stottlemyre,Right Handed,72,190,0,0,Shorter,Heavier,Shorter & Heavier,101
941,David Green,Right Handed,75,170,0.268,31,Taller,Thinner,Taller & Thinner,100
942,Reid Nichols,Right Handed,71,165,0.266,22,Shorter,Thinner,Shorter & Thinner,229
943,Rick Reichardt,Right Handed,75,210,0.261,116,Taller,Heavier,Taller & Heavier,307
944,Luis Tiant,Right Handed,72,180,0.164,5,Shorter,Thinner,Shorter & Thinner,229
945,Alex Sanchez,Right Handed,74,185,0,0,Taller,Heavier,Taller & Heavier,307
946,Broderick Perkins,Left Handed,70,180,0.271,8,Shorter,Thinner,Shorter & Thinner,107
947,Leon Roberts,Right Handed,75,200,0.267,78,Taller,Heavier,Taller & Heavier,307
948,Ray Burris,Right Handed,77,200,0.151,1,Taller,Heavier,Taller & Heavier,307
949,Len Gabrielson,Left Handed,76,210,0.253,37,Taller,Heavier,Taller & Heavier,119
950,Johnny Edwards,Left Handed,76,220,0.242,81,Taller,Heavier,Taller & Heavier,119
951,Paul Wilmet,Right Handed,71,170,0,0,Shorter,Thinner,Shorter & Thinner,229
952,Tom Grieve,Right Handed,74,190,0.249,65,Taller,Heavier,Taller & Heavier,307
953,Bruce Ellingsen,Left Handed,72,180,0,0,Shorter,Thinner,Shorter & Thinner,107
954,Bob Forsch,Right Handed,76,200,0.213,12,Taller,Heavier,Taller & Heavier,307
955,Gorman Heimueller,Left Handed,76,195,0,0,Taller,Heavier,Taller & Heavier,119
956,Danny Cater,Right Handed,72,170,0.276,66,Shorter,Thinner,Shorter & Thinner,229
957,Bill Schroeder,Right Handed,74,200,0.24,61,Taller,Heavier,Taller & Heavier,307
958,Clay Dalrymple,Left Handed,72,190,0.233,55,Shorter,Heavier,Shorter & Heavier,47
959,Carlos May,Left Handed,71,200,0.274,90,Shorter,Heavier,Shorter & Heavier,47
960,Reggie Smith,Both L & R,72,180,0.287,314,Shorter,Thinner,Shorter & Thinner,54
961,Ron Reed,Right Handed,78,215,0.158,0,Taller,Heavier,Taller & Heavier,307
962,Fred Howard,Right Handed,75,190,0,0,Taller,Heavier,Taller & Heavier,307
963,Davey Johnson,Right Handed,73,170,0.261,136,Taller,Thinner,Taller & Thinner,100
964,Ellis Valentine,Right Handed,76,205,0.278,123,Taller,Heavier,Taller & Heavier,307
965,Roy White,Both L & R,70,160,0.271,160,Shorter,Thinner,Shorter & Thinner,54
966,Mike Brumley,Left Handed,70,195,0.229,5,Shorter,Heavier,Shorter & Heavier,47
967,Al Luplow,Left Handed,70,175,0.235,33,Shorter,Thinner,Shorter & Thinner,107
968,John Hoover,Right Handed,74,190,0,0,Taller,Heavier,Taller & Heavier,307
969,Dick Allen,Right Handed,71,187,0.292,351,Shorter,Heavier,Shorter & Heavier,101
970,Doug Ault,Right Handed,75,200,0.236,17,Taller,Heavier,Taller & Heavier,307
971,Mark Wagner,Right Handed,72,165,0.243,3,Shorter,Thinner,Shorter & Thinner,229
972,Mike Walters,Right Handed,77,203,0,0,Taller,Heavier,Taller & Heavier,307
973,Willie Stargell,Left Handed,74,188,0.282,475,Taller,Heavier,Taller & Heavier,119
974,Steve Carlton,Left Handed,76,210,0.201,13,Taller,Heavier,Taller & Heavier,119
975,Jake Wood,Right Handed,73,163,0.25,35,Taller,Thinner,Taller & Thinner,100
976,Del Unser,Left Handed,73,180,0.258,87,Taller,Thinner,Taller & Thinner,43
977,Bob Brower,Right Handed,71,185,0.242,17,Shorter,Heavier,Shorter & Heavier,101
978,Ray Culp,Right Handed,72,200,0.123,1,Shorter,Heavier,Shorter & Heavier,101
979,Ivan Murrell,Right Handed,74,195,0.236,33,Taller,Heavier,Taller & Heavier,307
980,Lee Mazzilli,Both L & R,73,180,0.259,93,Taller,Thinner,Taller & Thinner,13
981,Garth Iorg,Right Handed,71,170,0.258,20,Shorter,Thinner,Shorter & Thinner,229
982,Alan Ashby,Both L & R,74,185,0.245,90,Taller,Heavier,Taller & Heavier,27
983,Bob Brenly,Right Handed,74,210,0.247,91,Taller,Heavier,Taller & Heavier,307
984,Ron Blomberg,Left Handed,73,195,0.293,52,Taller,Heavier,Taller & Heavier,119
985,Jim Rooker,Right Handed,72,195,0.201,7,Shorter,Heavier,Shorter & Heavier,101
986,Tim Blackwell,Both L & R,71,170,0.228,6,Shorter,Thinner,Shorter & Thinner,54
987,Colby Ward,Right Handed,74,185,0,0,Taller,Heavier,Taller & Heavier,307
988,Jerry Morales,Right Handed,70,155,0.259,95,Shorter,Thinner,Shorter & Thinner,229
989,Davey Lopes,Right Handed,69,170,0.263,155,Shorter,Thinner,Shorter & Thinner,229
990,Catfish Hunter,Right Handed,72,190,0.226,6,Shorter,Heavier,Shorter & Heavier,101
991,Mario Soto,Right Handed,72,174,0.132,1,Shorter,Thinner,Shorter & Thinner,229
992,Jimmy Wynn,Right Handed,70,160,0.25,291,Shorter,Thinner,Shorter & Thinner,229
993,Hank Allen,Right Handed,72,190,0.241,6,Shorter,Heavier,Shorter & Heavier,101
994,Jim Fregosi,Right Handed,73,190,0.265,151,Taller,Heavier,Taller & Heavier,307
995,Pepe Frias,Right Handed,70,159,0.24,1,Shorter,Thinner,Shorter & Thinner,229
996,Mike Schmidt,Right Handed,74,195,0.267,548,Taller,Heavier,Taller & Heavier,307
997,Willie Montanez,Left Handed,72,170,0.275,139,Shorter,Thinner,Shorter & Thinner,107
998,Rey Quinones,Right Handed,71,160,0.243,29,Shorter,Thinner,Shorter & Thinner,229
999,Mike Squires,Left Handed,71,185,0.26,6,Shorter,Heavier,Shorter & Heavier,47
1000,Champ Summers,Left Handed,74,205,0.255,54,Taller,Heavier,Taller & Heavier,119
1001,Chuck Porter,Right Handed,75,187,0,0,Taller,Heavier,Taller & Heavier,307
1002,Bert Campaneris,Right Handed,70,160,0.259,79,Shorter,Thinner,Shorter & Thinner,229
1003,Bobby Valentine,Right Handed,70,189,0.26,12,Shorter,Heavier,Shorter & Heavier,101
1004,Rob Andrews,Right Handed,72,185,0.251,3,Shorter,Heavier,Shorter & Heavier,101
1005,Tom Haller,Left Handed,76,195,0.257,134,Taller,Heavier,Taller & Heavier,119
1006,Tom Dozier,Right Handed,74,190,0,0,Taller,Heavier,Taller & Heavier,307
1007,Ed Stroud,Left Handed,71,180,0.237,14,Shorter,Thinner,Shorter & Thinner,107
1008,Ron Swoboda,Right Handed,74,195,0.242,73,Taller,Heavier,Taller & Heavier,307
1009,Harry Spilman,Left Handed,73,180,0.237,18,Taller,Thinner,Taller & Thinner,43
1010,Bob Barton,Right Handed,72,175,0.226,9,Shorter,Thinner,Shorter & Thinner,229
1011,Daryl Sconiers,Left Handed,74,185,0.265,15,Taller,Heavier,Taller & Heavier,119
1012,Joe Torre,Right Handed,74,212,0.297,252,Taller,Heavier,Taller & Heavier,307
1013,Al Ferrara,Right Handed,73,200,0.259,51,Taller,Heavier,Taller & Heavier,307
1014,Rick Steirer,Right Handed,76,200,0,0,Taller,Heavier,Taller & Heavier,307
1015,Sixto Lezcano,Right Handed,70,165,0.271,148,Shorter,Thinner,Shorter & Thinner,229
1016,Al Lachowicz,Right Handed,75,198,0,0,Taller,Heavier,Taller & Heavier,307
1017,Dave Nicholson,Right Handed,74,215,0.212,61,Taller,Heavier,Taller & Heavier,307
1018,Freddie Patek,Right Handed,65,148,0.242,41,Shorter,Thinner,Shorter & Thinner,229
1019,Ken Hubbs,Right Handed,74,175,0.247,14,Taller,Thinner,Taller & Thinner,100
1020,Pepe Mangual,Right Handed,70,157,0.242,16,Shorter,Thinner,Shorter & Thinner,229
1021,Leron Lee,Left Handed,72,196,0.25,31,Shorter,Heavier,Shorter & Heavier,47
1022,Tom McCarthy,Right Handed,72,180,0,0,Shorter,Thinner,Shorter & Thinner,229
1023,Steve Ontiveros,Both L & R,72,185,0.274,24,Shorter,Heavier,Shorter & Heavier,10
1024,Willie Davis,Left Handed,74,180,0.279,182,Taller,Thinner,Taller & Thinner,43
1025,Tom Lawless,Right Handed,71,170,0.207,2,Shorter,Thinner,Shorter & Thinner,229
1026,Jerry Moses,Right Handed,75,210,0.251,25,Taller,Heavier,Taller & Heavier,307
1027,Bobby Bonds,Right Handed,73,190,0.268,332,Taller,Heavier,Taller & Heavier,307
1028,Dave McNally,Right Handed,71,185,0.133,9,Shorter,Heavier,Shorter & Heavier,101
1029,Darrell Brown,Both L & R,72,184,0.274,1,Shorter,Thinner,Shorter & Thinner,54
1030,Roy Foster,Right Handed,72,185,0.253,45,Shorter,Heavier,Shorter & Heavier,101
1031,Denis Menke,Right Handed,72,185,0.25,101,Shorter,Heavier,Shorter & Heavier,101
1032,Hal Breeden,Right Handed,74,200,0.243,21,Taller,Heavier,Taller & Heavier,307
1033,Manny Trillo,Right Handed,73,150,0.263,61,Taller,Thinner,Taller & Thinner,100
1034,Jackie Gutierrez,Right Handed,71,175,0.237,4,Shorter,Thinner,Shorter & Thinner,229
1035,Jerry Kenney,Left Handed,73,170,0.237,7,Taller,Thinner,Taller & Thinner,43
1036,Fred Kendall,Right Handed,73,185,0.234,31,Taller,Heavier,Taller & Heavier,307
1037,Mike Anderson,Right Handed,74,200,0.246,28,Taller,Heavier,Taller & Heavier,307
1038,Jim Lewis,Right Handed,75,190,0,0,Taller,Heavier,Taller & Heavier,307
1039,Joe Charboneau,Right Handed,74,205,0.266,29,Taller,Heavier,Taller & Heavier,307
1040,Jimmie Schaffer,Right Handed,69,170,0.223,11,Shorter,Thinner,Shorter & Thinner,229
1041,Junior Kennedy,Right Handed,71,175,0.248,4,Shorter,Thinner,Shorter & Thinner,229
1042,Wilbur Howard,Both L & R,74,170,0.25,6,Taller,Thinner,Taller & Thinner,13
1043,Rod Gilbreath,Right Handed,74,180,0.248,14,Taller,Thinner,Taller & Thinner,100
1044,Mark Brouhard,Right Handed,73,210,0.259,25,Taller,Heavier,Taller & Heavier,307
1045,Dan Morogiello,Left Handed,73,200,0,0,Taller,Heavier,Taller & Heavier,119
1046,Mike Young,Both L & R,74,195,0.247,72,Taller,Heavier,Taller & Heavier,27
1047,Chris Speier,Right Handed,73,175,0.246,112,Taller,Thinner,Taller & Thinner,100
1048,Gene Michael,Both L & R,74,183,0.229,15,Taller,Thinner,Taller & Thinner,13
1049,Vic Harris,Both L & R,71,165,0.217,13,Shorter,Thinner,Shorter & Thinner,54
1050,Mike Fischlin,Right Handed,73,165,0.22,3,Taller,Thinner,Taller & Thinner,100
1051,Don Money,Right Handed,73,170,0.261,176,Taller,Thinner,Taller & Thinner,100
1052,Joe Rudi,Right Handed,74,200,0.264,179,Taller,Heavier,Taller & Heavier,307
1053,Jim Rice,Right Handed,74,200,0.298,382,Taller,Heavier,Taller & Heavier,307
1054,Shawn Holman,Right Handed,74,185,0,0,Taller,Heavier,Taller & Heavier,307
1055,Alan Wirth,Right Handed,76,190,0,0,Taller,Heavier,Taller & Heavier,307
1056,Gil Garrido,Right Handed,69,150,0.237,1,Shorter,Thinner,Shorter & Thinner,229
1057,Marty Perez,Right Handed,71,160,0.246,22,Shorter,Thinner,Shorter & Thinner,229
1058,Tom Matchick,Left Handed,73,173,0.215,4,Taller,Thinner,Taller & Thinner,43
1059,Jack Perconte,Left Handed,70,160,0.27,2,Shorter,Thinner,Shorter & Thinner,107
1060,Ed Kirkpatrick,Left Handed,71,195,0.238,85,Shorter,Heavier,Shorter & Heavier,47
1061,Jerry Grote,Right Handed,70,185,0.252,39,Shorter,Heavier,Shorter & Heavier,101
1062,Ellie Hendricks,Left Handed,73,175,0.22,62,Taller,Thinner,Taller & Thinner,43
1063,Jim Beauchamp,Right Handed,74,190,0.231,14,Taller,Heavier,Taller & Heavier,307
1064,Terry Wilshusen,Right Handed,74,210,0,0,Taller,Heavier,Taller & Heavier,307
1065,Tito Fuentes,Both L & R,71,175,0.268,45,Shorter,Thinner,Shorter & Thinner,54
1066,Ron Brand,Right Handed,67,167,0.239,3,Shorter,Thinner,Shorter & Thinner,229
1067,Leo Cardenas,Right Handed,71,150,0.257,118,Shorter,Thinner,Shorter & Thinner,229
1068,Art Shamsky,Left Handed,73,168,0.253,68,Taller,Thinner,Taller & Thinner,43
1069,Steve Ellsworth,Right Handed,80,220,0,0,Taller,Heavier,Taller & Heavier,307
1070,Ron Cey,Right Handed,70,185,0.261,316,Shorter,Heavier,Shorter & Heavier,101
1071,Skip Jutze,Right Handed,71,190,0.215,3,Shorter,Heavier,Shorter & Heavier,101
1072,Butch Wynegar,Both L & R,73,190,0.255,65,Taller,Heavier,Taller & Heavier,27
1073,Ron LeFlore,Right Handed,72,200,0.288,59,Shorter,Heavier,Shorter & Heavier,101
1074,Bill Russell,Right Handed,72,175,0.263,46,Shorter,Thinner,Shorter & Thinner,229
1075,Gene Tenace,Right Handed,72,190,0.241,201,Shorter,Heavier,Shorter & Heavier,101
1076,Bubba Morton,Right Handed,70,175,0.267,14,Shorter,Thinner,Shorter & Thinner,229
1077,Ellie Rodriguez,Right Handed,71,185,0.245,16,Shorter,Heavier,Shorter & Heavier,101
1078,Darrel Chaney,Both L & R,74,188,0.217,14,Taller,Heavier,Taller & Heavier,27
1079,Dick Nen,Left Handed,74,200,0.224,21,Taller,Heavier,Taller & Heavier,119
1080,Bryan Kelly,Right Handed,74,195,0,0,Taller,Heavier,Taller & Heavier,307
1081,Bill Freehan,Right Handed,75,203,0.262,200,Taller,Heavier,Taller & Heavier,307
1082,Steve Nicosia,Right Handed,70,185,0.248,11,Shorter,Heavier,Shorter & Heavier,101
1083,Ted Savage,Right Handed,73,185,0.233,34,Taller,Heavier,Taller & Heavier,307
1084,Pete Mackanin,Right Handed,74,190,0.226,30,Taller,Heavier,Taller & Heavier,307
1085,Rich Dauer,Right Handed,72,180,0.257,43,Shorter,Thinner,Shorter & Thinner,229
1086,Mick Kelleher,Right Handed,69,176,0.213,0,Shorter,Thinner,Shorter & Thinner,229
1087,Rowland Office,Left Handed,72,170,0.259,32,Shorter,Thinner,Shorter & Thinner,107
1088,Rick Leach,Left Handed,73,180,0.268,18,Taller,Thinner,Taller & Thinner,43
1089,Dwayne Murphy,Left Handed,73,185,0.246,166,Taller,Heavier,Taller & Heavier,119
1090,Larry Harlow,Left Handed,74,185,0.248,12,Taller,Heavier,Taller & Heavier,119
1091,Mike Epstein,Left Handed,75,230,0.244,130,Taller,Heavier,Taller & Heavier,119
1092,Jerry Mumphrey,Both L & R,74,185,0.289,70,Taller,Heavier,Taller & Heavier,27
1093,Don Sutton,Right Handed,73,185,0.144,0,Taller,Heavier,Taller & Heavier,307
1094,Glenn Beckert,Right Handed,73,190,0.283,22,Taller,Heavier,Taller & Heavier,307
1095,Ron Davis,Right Handed,72,175,0.233,10,Shorter,Thinner,Shorter & Thinner,229
1096,Mike Shannon,Right Handed,75,195,0.255,68,Taller,Heavier,Taller & Heavier,307
1097,Jason Thompson,Left Handed,76,200,0.261,208,Taller,Heavier,Taller & Heavier,119
1098,Wayne Tolleson,Both L & R,69,160,0.241,9,Shorter,Thinner,Shorter & Thinner,54
1099,John Leister,Right Handed,74,200,0,0,Taller,Heavier,Taller & Heavier,307
1100,Don Cooper,Right Handed,73,185,0,0,Taller,Heavier,Taller & Heavier,307
1101,Mike Jorgensen,Left Handed,72,195,0.243,95,Shorter,Heavier,Shorter & Heavier,47
1102,Ed Romero,Right Handed,71,160,0.247,8,Shorter,Thinner,Shorter & Thinner,229
1103,Rick Joseph,Right Handed,73,192,0.243,13,Taller,Heavier,Taller & Heavier,307
1104,Cecil Cooper,Left Handed,74,165,0.298,241,Taller,Thinner,Taller & Thinner,43
1105,Bill Almon,Right Handed,75,180,0.254,36,Taller,Thinner,Taller & Thinner,100
1106,Joe Ferguson,Right Handed,74,200,0.24,122,Taller,Heavier,Taller & Heavier,307
1107,Jeff Jones,Right Handed,75,210,0,0,Taller,Heavier,Taller & Heavier,307
1108,Jerry Terrell,Right Handed,71,165,0.253,4,Shorter,Thinner,Shorter & Thinner,229
1109,John Poloni,Left Handed,77,210,0,0,Taller,Heavier,Taller & Heavier,119
1110,Dave Revering,Left Handed,76,210,0.265,62,Taller,Heavier,Taller & Heavier,119
1111,Curt Ford,Left Handed,70,150,0.245,7,Shorter,Thinner,Shorter & Thinner,107
1112,Jerry Dybzinski,Right Handed,74,180,0.234,3,Taller,Thinner,Taller & Thinner,100
1113,Mike Willis,Left Handed,74,205,0,0,Taller,Heavier,Taller & Heavier,119
1114,Bob Burda,Left Handed,71,174,0.224,13,Shorter,Thinner,Shorter & Thinner,107
1115,Jesse Gonder,Left Handed,70,180,0.251,26,Shorter,Thinner,Shorter & Thinner,107
1116,Gary Sutherland,Right Handed,72,185,0.243,24,Shorter,Heavier,Shorter & Heavier,101
1117,Bob Coluccio,Right Handed,71,183,0.22,26,Shorter,Thinner,Shorter & Thinner,229
1118,Dave Rader,Left Handed,71,165,0.257,30,Shorter,Thinner,Shorter & Thinner,107
1119,Ron Gardenhire,Right Handed,72,175,0.232,4,Shorter,Thinner,Shorter & Thinner,229
1120,Bill Sharp,Left Handed,70,178,0.255,9,Shorter,Thinner,Shorter & Thinner,107
1121,Alan Bannister,Right Handed,71,170,0.27,19,Shorter,Thinner,Shorter & Thinner,229
1122,Bob Watson,Right Handed,72,201,0.295,184,Shorter,Heavier,Shorter & Heavier,101
1123,Ken Harrelson,Right Handed,74,190,0.239,131,Taller,Heavier,Taller & Heavier,307
1124,Bobby Wine,Right Handed,73,187,0.215,30,Taller,Heavier,Taller & Heavier,307
1125,Stefan Wever,Right Handed,80,245,0,0,Taller,Heavier,Taller & Heavier,307
1126,John Kennedy,Right Handed,72,185,0.225,32,Shorter,Heavier,Shorter & Heavier,101
1127,Chico Ruiz,Both L & R,72,169,0.24,2,Shorter,Thinner,Shorter & Thinner,54
1128,Dave Johnson,Right Handed,73,183,0,0,Taller,Thinner,Taller & Thinner,100
1129,Gail Hopkins,Left Handed,70,198,0.266,25,Shorter,Heavier,Shorter & Heavier,47
1130,Doug Frobel,Left Handed,76,196,0.201,20,Taller,Heavier,Taller & Heavier,119
1131,Luis Melendez,Right Handed,72,165,0.248,9,Shorter,Thinner,Shorter & Thinner,229
1132,Jerry Augustine,Left Handed,72,183,0,0,Shorter,Thinner,Shorter & Thinner,107
1133,Bill Plummer,Right Handed,73,190,0.188,14,Taller,Heavier,Taller & Heavier,307
1134,Buck Rodgers,Both L & R,74,190,0.232,31,Taller,Heavier,Taller & Heavier,27
1135,Phil Niekro,Right Handed,73,180,0.169,7,Taller,Thinner,Taller & Thinner,100
1136,Jeff Holly,Left Handed,77,210,0,0,Taller,Heavier,Taller & Heavier,119
1137,Tom Poquette,Left Handed,70,175,0.268,10,Shorter,Thinner,Shorter & Thinner,107
1138,Eric Hetzel,Right Handed,75,175,0,0,Taller,Thinner,Taller & Thinner,100
1139,Brian Asselstine,Left Handed,73,175,0.254,12,Taller,Thinner,Taller & Thinner,43
1140,Rick Miller,Left Handed,72,175,0.269,28,Shorter,Thinner,Shorter & Thinner,107
1141,Ed Charles,Right Handed,70,170,0.263,86,Shorter,Thinner,Shorter & Thinner,229
1142,Luis Gomez,Right Handed,69,150,0.21,0,Shorter,Thinner,Shorter & Thinner,229
1143,Dave Lemanczyk,Right Handed,76,235,0,0,Taller,Heavier,Taller & Heavier,307
1144,Al Jones,Right Handed,76,210,0,0,Taller,Heavier,Taller & Heavier,307
1145,Floyd Rayford,Right Handed,70,190,0.244,38,Shorter,Heavier,Shorter & Heavier,101
1146,Sam Hinds,Right Handed,78,215,0,0,Taller,Heavier,Taller & Heavier,307
1147,Tony Conigliaro,Right Handed,75,185,0.264,166,Taller,Heavier,Taller & Heavier,307
1148,Clay Christiansen,Right Handed,77,205,0,0,Taller,Heavier,Taller & Heavier,307
1149,Jim Barr,Right Handed,75,205,0.162,1,Taller,Heavier,Taller & Heavier,307
1150,Jerry Remy,Left Handed,69,165,0.275,7,Shorter,Thinner,Shorter & Thinner,107
1151,Larry Rothschild,Left Handed,74,180,0,0,Taller,Thinner,Taller & Thinner,43
1152,Frank Duffy,Right Handed,73,180,0.232,26,Taller,Thinner,Taller & Thinner,100
1153,Gary Lance,Both L & R,75,195,0,0,Taller,Heavier,Taller & Heavier,27
1154,Tom O'Malley,Left Handed,72,180,0.256,13,Shorter,Thinner,Shorter & Thinner,107
1155,Phil Garner,Right Handed,70,175,0.26,109,Shorter,Thinner,Shorter & Thinner,229
1156,Larry Pashnick,Right Handed,75,205,0,0,Taller,Heavier,Taller & Heavier,307
1157,Todd Fischer,Right Handed,70,170,0,0,Shorter,Thinner,Shorter & Thinner,229